Player,PER,WS,BPM,VORP,season
Mikal Bridges,14.8,4.9,1.0,1.6,2022-23
Mikal Bridges,21.3,2.5,3.3,1.2,2022-23
Anthony Edwards,17.4,3.8,1.0,2.1,2022-23
Zach LaVine,19.0,7.1,1.9,2.7,2022-23
Nikola Vučević,19.1,8.3,2.7,3.2,2022-23
Julius Randle,20.3,8.1,3.7,3.9,2022-23
Domantas Sabonis,23.5,12.6,5.8,5.4,2022-23
Jayson Tatum,23.7,10.5,5.5,5.1,2022-23
Spencer Dinwiddie,16.0,6.3,0.7,1.8,2022-23
Spencer Dinwiddie,16.1,4.3,0.9,1.3,2022-23
Spencer Dinwiddie,15.8,2.0,0.2,0.5,2022-23
Evan Mobley,17.9,8.5,1.7,2.5,2022-23
Dejounte Murray,17.0,4.7,1.0,2.1,2022-23
DeMar DeRozan,20.6,8.5,2.0,2.6,2022-23
Scottie Barnes,15.5,5.0,0.4,1.6,2022-23
Harrison Barnes,14.1,6.5,-1.0,0.7,2022-23
Pascal Siakam,20.3,7.8,3.1,3.4,2022-23
CJ McCollum,15.6,4.3,0.8,1.9,2022-23
Franz Wagner,15.9,5.4,-0.1,1.3,2022-23
Jalen Green,14.5,1.8,-2.1,0.0,2022-23
Bam Adebayo,20.1,7.4,1.5,2.3,2022-23
Trae Young,22.0,6.7,3.3,3.4,2022-23
Fred VanVleet,17.0,6.5,2.5,2.9,2022-23
Buddy Hield,15.4,4.4,1.9,2.4,2022-23
RJ Barrett,12.9,2.2,-3.1,-0.7,2022-23
Jordan Poole,14.6,3.2,-1.9,0.1,2022-23
Josh Hart,14.1,6.0,0.9,1.8,2022-23
Josh Hart,12.7,3.2,-0.2,0.8,2022-23
Josh Hart,17.1,2.8,3.4,1.0,2022-23
Jabari Smith Jr.,11.2,1.9,-3.7,-1.1,2022-23
Trey Murphy III,15.2,7.6,1.8,2.3,2022-23
Darius Garland,18.8,7.6,2.4,2.7,2022-23
Tobias Harris,14.8,5.9,0.7,1.7,2022-23
De'Aaron Fox,21.8,7.4,2.5,2.7,2022-23
Donovan Mitchell,22.9,8.9,6.3,5.0,2022-23
Paolo Banchero,14.9,2.4,-1.5,0.3,2022-23
Jaden McDaniels,12.0,4.4,-1.2,0.5,2022-23
Shai Gilgeous-Alexander,27.2,11.4,7.3,5.6,2022-23
Royce O'Neale,9.2,2.9,-1.1,0.5,2022-23
Jaylen Brown,19.1,5.0,1.3,2.0,2022-23
Luka Dončić,28.7,10.2,8.9,6.6,2022-23
OG Anunoby,14.6,4.7,0.4,1.5,2022-23
Keegan Murray,12.3,4.3,-0.6,0.8,2022-23
Kentavious Caldwell-Pope,11.5,4.5,-1.0,0.6,2022-23
P.J. Washington,12.9,2.6,-1.3,0.4,2022-23
Jalen Brunson,21.2,8.7,3.9,3.5,2022-23
Brook Lopez,18.4,8.0,2.1,2.5,2022-23
Josh Giddey,17.1,4.0,1.2,1.9,2022-23
Reggie Bullock,7.7,2.8,-2.6,-0.4,2022-23
Immanuel Quickley,16.3,6.7,1.7,2.1,2022-23
Tyler Herro,15.3,3.5,0.6,1.6,2022-23
Patrick Williams,11.2,3.5,-1.3,0.4,2022-23
Nikola Jokić,31.5,14.9,13.0,8.8,2022-23
Derrick White,15.4,7.4,2.4,2.6,2022-23
Jaden Ivey,12.1,0.0,-3.3,-0.7,2022-23
D'Angelo Russell,16.3,5.1,1.5,2.0,2022-23
D'Angelo Russell,16.1,3.8,1.2,1.4,2022-23
D'Angelo Russell,17.1,1.3,2.4,0.6,2022-23
Draymond Green,12.2,4.7,0.8,1.6,2022-23
KJ Martin,15.4,4.9,-0.7,0.7,2022-23
Joel Embiid,31.4,12.3,9.2,6.4,2022-23
Bruce Brown,13.3,4.3,-0.5,0.9,2022-23
Klay Thompson,14.7,3.1,-0.3,1.0,2022-23
Jalen Williams,15.6,5.6,0.3,1.3,2022-23
Lauri Markkanen,22.1,8.2,3.8,3.3,2022-23
Max Strus,10.8,3.4,-1.7,0.2,2022-23
Luguentz Dort,11.3,2.9,-3.0,-0.6,2022-23
Nic Claxton,20.8,9.2,3.1,2.9,2022-23
Jerami Grant,16.0,4.1,-0.2,1.0,2022-23
Kyrie Irving,22.4,7.4,4.1,3.5,2022-23
Kyrie Irving,21.6,4.3,3.8,2.2,2022-23
Kyrie Irving,24.0,3.1,4.9,1.3,2022-23
Kyle Kuzma,14.3,0.9,-1.7,0.2,2022-23
Caris LeVert,12.4,4.4,-0.2,1.0,2022-23
Bennedict Mathurin,13.1,1.8,-3.7,-1.0,2022-23
Terry Rozier,14.7,1.7,-0.6,0.8,2022-23
Jarrett Allen,19.9,9.5,2.4,2.4,2022-23
Dillon Brooks,9.4,1.6,-3.9,-1.1,2022-23
Kevin Huerter,15.2,4.9,1.0,1.7,2022-23
Jrue Holiday,19.2,6.7,3.1,2.8,2022-23
Alperen Şengün,19.7,5.2,1.4,1.9,2022-23
Anfernee Simons,14.8,2.5,-1.1,0.5,2022-23
Ivica Zubac,16.7,6.7,-0.9,0.6,2022-23
Killian Hayes,10.2,-0.5,-3.8,-1.0,2022-23
Tim Hardaway Jr.,12.1,2.3,-1.8,0.1,2022-23
De'Anthony Melton,12.7,4.2,0.9,1.6,2022-23
Rudy Gobert,18.9,7.8,0.7,1.4,2022-23
Jimmy Butler,27.6,12.3,8.7,5.8,2022-23
James Harden,21.6,8.4,5.4,4.0,2022-23
Jamal Murray,18.0,5.1,1.3,1.8,2022-23
John Collins,13.6,4.2,-1.3,0.4,2022-23
Saddiq Bey,14.6,3.9,-0.3,0.9,2022-23
Saddiq Bey,14.3,2.3,-0.7,0.5,2022-23
Saddiq Bey,15.2,1.6,0.5,0.4,2022-23
De'Andre Hunter,11.5,2.5,-3.3,-0.7,2022-23
Russell Westbrook,16.1,1.9,0.2,1.2,2022-23
Russell Westbrook,15.3,0.7,-0.1,0.7,2022-23
Russell Westbrook,17.8,1.2,0.8,0.5,2022-23
Quentin Grimes,11.7,4.8,-0.1,1.0,2022-23
Kristaps Porziņģis,23.1,7.7,4.3,3.4,2022-23
Gary Trent Jr.,15.0,4.5,0.2,1.2,2022-23
Damian Lillard,26.7,9.0,7.1,4.9,2022-23
Ayo Dosunmu,10.2,2.9,-2.5,-0.2,2022-23
Corey Kispert,11.5,3.8,-1.5,0.2,2022-23
Malik Beasley,10.9,1.4,-2.0,0.0,2022-23
Malik Beasley,11.5,1.2,-1.6,0.2,2022-23
Malik Beasley,9.7,0.2,-2.9,-0.1,2022-23
Caleb Martin,11.4,3.7,-1.2,0.4,2022-23
Andrew Nembhard,10.0,1.2,-3.2,-0.6,2022-23
Keldon Johnson,15.3,1.3,-1.8,0.1,2022-23
Aaron Gordon,19.5,6.8,2.1,2.1,2022-23
Mason Plumlee,19.6,7.9,2.2,2.2,2022-23
Mason Plumlee,20.0,6.1,2.4,1.8,2022-23
Mason Plumlee,18.2,1.8,1.4,0.4,2022-23
Grant Williams,10.3,4.4,-1.1,0.5,2022-23
Deandre Ayton,19.9,6.2,0.9,1.5,2022-23
Mike Conley,14.7,5.5,0.9,1.5,2022-23
Mike Conley,13.9,3.0,0.2,0.7,2022-23
Mike Conley,16.1,2.5,2.0,0.7,2022-23
Giannis Antetokounmpo,29.0,8.6,8.5,5.4,2022-23
Kevin Porter Jr.,16.2,2.9,0.6,1.3,2022-23
Deni Avdija,11.2,2.3,-2.3,-0.1,2022-23
Tyrese Maxey,17.0,5.4,0.6,1.3,2022-23
Dorian Finney-Smith,9.2,2.1,-2.0,0.0,2022-23
Dorian Finney-Smith,10.0,1.7,-1.1,0.3,2022-23
Dorian Finney-Smith,7.7,0.4,-3.7,-0.3,2022-23
Jordan Clarkson,14.7,1.7,-1.4,0.3,2022-23
Dennis Schröder,11.5,2.8,-2.9,-0.4,2022-23
Tre Jones,16.0,3.4,-1.0,0.5,2022-23
Grayson Allen,12.3,5.1,0.1,1.0,2022-23
Jonas Valančiūnas,19.3,5.8,-0.4,0.8,2022-23
Eric Gordon,11.8,2.3,-1.9,0.1,2022-23
Eric Gordon,11.4,1.1,-2.6,-0.2,2022-23
Eric Gordon,13.1,1.2,0.0,0.3,2022-23
Kevon Looney,17.8,8.7,2.1,2.0,2022-23
Kyle Anderson,14.8,5.1,2.5,2.2,2022-23
Marcus Smart,12.1,3.7,-1.0,0.5,2022-23
LeBron James,23.9,5.6,6.1,4.0,2022-23
Herbert Jones,12.1,4.2,-0.3,0.8,2022-23
Torrey Craig,11.6,4.0,-0.6,0.7,2022-23
Ja Morant,23.3,6.0,5.7,3.8,2022-23
Kelly Olynyk,14.4,4.3,0.4,1.2,2022-23
Stephen Curry,24.1,7.8,7.5,4.7,2022-23
Tyus Jones,16.0,5.7,1.6,1.7,2022-23
Paul George,19.6,4.6,2.8,2.3,2022-23
Al Horford,13.8,6.3,3.3,2.5,2022-23
P.J. Tucker,5.7,2.5,-3.0,-0.5,2022-23
Jalen McDaniels,11.8,2.7,-2.1,-0.1,2022-23
Jalen McDaniels,11.6,1.8,-2.0,0.0,2022-23
Jalen McDaniels,12.5,1.0,-2.6,-0.1,2022-23
Jakob Poeltl,21.0,6.0,1.9,1.9,2022-23
Jakob Poeltl,19.7,2.9,0.9,0.9,2022-23
Jakob Poeltl,23.1,3.1,3.6,1.0,2022-23
Anthony Davis,27.8,9.0,6.3,4.0,2022-23
Donte DiVincenzo,12.8,4.2,0.7,1.3,2022-23
Bojan Bogdanović,17.4,3.5,0.8,1.4,2022-23
Chris Paul,17.7,6.2,3.2,2.5,2022-23
Tyrese Haliburton,23.6,7.6,7.2,4.4,2022-23
Jarred Vanderbilt,15.1,5.2,1.1,1.5,2022-23
Jarred Vanderbilt,16.0,3.6,1.5,1.1,2022-23
Jarred Vanderbilt,13.2,1.5,0.2,0.4,2022-23
Terance Mann,13.4,4.3,-0.2,0.8,2022-23
Troy Brown Jr.,9.6,2.9,-1.0,0.5,2022-23
Onyeka Okongwu,19.4,7.1,0.8,1.3,2022-23
Austin Reaves,14.9,5.4,0.7,1.2,2022-23
Desmond Bane,19.1,5.8,3.5,2.5,2022-23
Devin Booker,22.0,6.0,4.2,2.9,2022-23
Marcus Morris,10.5,2.0,-1.9,0.0,2022-23
Myles Turner,20.0,5.4,2.1,1.9,2022-23
Bobby Portis,17.8,5.3,0.7,1.2,2022-23
Aaron Nesmith,10.5,2.0,-3.0,-0.4,2022-23
Patrick Beverley,8.9,3.0,-1.2,0.3,2022-23
Patrick Beverley,8.3,1.8,-1.8,0.1,2022-23
Patrick Beverley,10.1,1.2,-0.2,0.3,2022-23
Jevon Carter,10.9,3.5,-0.6,0.6,2022-23
Michael Porter Jr.,16.8,4.3,0.2,1.0,2022-23
Naji Marshall,11.4,2.5,-1.9,0.1,2022-23
Jaren Jackson Jr.,21.6,6.6,2.8,2.2,2022-23
Shaedon Sharpe,11.5,1.2,-3.3,-0.6,2022-23
Markelle Fultz,16.6,3.7,0.5,1.2,2022-23
Tari Eason,15.2,2.6,-1.7,0.1,2022-23
Gabe Vincent,9.0,1.4,-3.4,-0.6,2022-23
Kawhi Leonard,23.9,7.1,6.1,3.5,2022-23
Malcolm Brogdon,18.2,5.8,2.8,2.1,2022-23
Christian Wood,20.6,4.8,1.7,1.6,2022-23
Coby White,12.5,3.1,-0.8,0.5,2022-23
Clint Capela,22.1,7.2,2.2,1.8,2022-23
Malik Monk,16.6,3.2,0.3,1.0,2022-23
Kyle Lowry,12.6,3.4,0.2,0.9,2022-23
Nicolas Batum,11.0,3.6,0.5,1.0,2022-23
Walker Kessler,21.5,7.1,2.9,2.1,2022-23
Monte Morris,15.0,4.2,0.5,1.1,2022-23
Wendell Carter Jr.,17.3,4.6,1.0,1.3,2022-23
Santi Aldama,13.9,4.6,0.5,1.1,2022-23
Bradley Beal,19.7,3.4,1.8,1.6,2022-23
Kevin Durant,25.9,6.8,7.1,3.9,2022-23
Kevin Durant,26.2,5.7,7.0,3.2,2022-23
Kevin Durant,24.3,1.1,8.0,0.7,2022-23
Jalen Duren,17.3,4.5,-0.8,0.5,2022-23
Reggie Jackson,10.0,0.6,-3.9,-0.8,2022-23
Reggie Jackson,10.3,0.6,-3.7,-0.6,2022-23
Reggie Jackson,9.0,0.1,-5.1,-0.3,2022-23
Isaac Okoro,10.7,4.2,-0.3,0.7,2022-23
Isaiah Hartenstein,14.2,4.6,-0.3,0.7,2022-23
Daniel Gafford,19.7,6.1,1.0,1.2,2022-23
Mitchell Robinson,18.9,6.5,2.4,1.7,2022-23
Drew Eubanks,16.2,4.4,0.1,0.8,2022-23
Gordon Hayward,13.5,2.0,-1.4,0.2,2022-23
Alex Caruso,11.5,3.6,1.1,1.2,2022-23
Shake Milton,12.7,2.9,-2.0,0.0,2022-23
Norman Powell,17.1,3.5,0.3,0.9,2022-23
Cole Anthony,16.0,3.7,1.3,1.3,2022-23
Malaki Branham,9.5,-0.1,-5.2,-1.3,2022-23
Cedi Osman,12.0,3.3,-0.7,0.5,2022-23
Kelly Oubre Jr.,14.8,1.7,-1.1,0.3,2022-23
Josh Green,11.2,2.6,-2.4,-0.2,2022-23
Brandon Ingram,19.2,3.5,1.7,1.5,2022-23
Josh Richardson,12.3,1.8,-1.2,0.3,2022-23
Josh Richardson,13.6,1.0,-1.1,0.2,2022-23
Josh Richardson,9.9,0.8,-1.3,0.1,2022-23
Joe Harris,10.6,2.6,-1.1,0.3,2022-23
T.J. McConnell,16.8,3.1,0.5,1.0,2022-23
Chris Boucher,18.0,5.0,-0.1,0.7,2022-23
Georges Niang,10.9,2.5,-1.4,0.2,2022-23
Bogdan Bogdanović,14.2,2.8,0.5,0.9,2022-23
Damion Lee,10.7,2.6,-1.7,0.1,2022-23
Bol Bol,14.4,2.3,-0.9,0.4,2022-23
John Konchar,10.8,3.5,0.5,0.9,2022-23
Rui Hachimura,13.2,1.8,-2.2,-0.1,2022-23
Rui Hachimura,13.6,0.6,-2.6,-0.1,2022-23
Rui Hachimura,12.7,1.2,-1.9,0.0,2022-23
Dwight Powell,15.5,5.1,-1.2,0.3,2022-23
Jeremy Sochan,11.4,0.2,-4.0,-0.7,2022-23
Keita Bates-Diop,14.9,2.7,-0.6,0.5,2022-23
Davion Mitchell,9.4,1.5,-2.8,-0.3,2022-23
Pat Connaughton,10.0,2.5,-1.0,0.3,2022-23
Zach Collins,16.4,2.2,-0.2,0.6,2022-23
Isaiah Stewart,13.1,2.0,-2.1,0.0,2022-23
AJ Griffin,12.6,2.2,-0.8,0.4,2022-23
Isaiah Joe,14.5,3.8,0.9,1.0,2022-23
Jonathan Kuminga,13.3,2.4,-1.7,0.1,2022-23
Jusuf Nurkić,17.3,2.7,0.1,0.7,2022-23
Dennis Smith Jr.,11.6,1.1,-2.2,-0.1,2022-23
Larry Nance Jr.,16.0,4.9,2.0,1.4,2022-23
Josh Okogie,13.3,2.8,-0.2,0.6,2022-23
Devonte' Graham,12.5,2.5,-0.1,0.6,2022-23
Devonte' Graham,11.8,1.8,0.2,0.4,2022-23
Devonte' Graham,13.6,0.8,-0.4,0.2,2022-23
Terrence Ross,10.2,1.6,-2.1,0.0,2022-23
Terrence Ross,8.6,0.6,-3.1,-0.3,2022-23
Terrence Ross,14.2,1.0,0.5,0.2,2022-23
Luke Kennard,13.0,3.4,0.5,0.8,2022-23
Luke Kennard,10.5,1.1,-1.4,0.1,2022-23
Luke Kennard,16.0,2.3,2.9,0.7,2022-23
Doug McDermott,11.1,1.0,-3.2,-0.4,2022-23
Talen Horton-Tucker,13.7,0.8,-1.6,0.2,2022-23
Jose Alvarado,11.8,1.8,-1.2,0.3,2022-23
Aaron Wiggins,12.2,2.6,-2.1,0.0,2022-23
Lonnie Walker IV,12.2,1.8,-1.4,0.2,2022-23
Sam Hauser,12.7,3.4,1.0,1.0,2022-23
Jalen Smith,15.9,2.3,-2.1,0.0,2022-23
LaMelo Ball,17.9,1.8,2.4,1.4,2022-23
David Roddy,8.8,1.1,-3.9,-0.6,2022-23
Jaylen Nowell,13.7,1.2,-2.5,-0.2,2022-23
Naz Reid,18.5,3.0,1.0,1.0,2022-23
Trey Lyles,14.2,2.6,-1.0,0.3,2022-23
Jalen Suggs,12.5,1.4,-1.0,0.3,2022-23
Kevin Love,13.1,2.6,0.6,0.8,2022-23
Kevin Love,13.6,1.9,1.4,0.7,2022-23
Kevin Love,12.3,0.7,-1.1,0.1,2022-23
Cory Joseph,12.1,1.8,-1.5,0.2,2022-23
Delon Wright,16.3,3.7,3.4,1.7,2022-23
Nick Richards,18.3,4.2,-1.3,0.2,2022-23
Seth Curry,12.3,1.8,-2.1,0.0,2022-23
Ochai Agbaji,9.5,1.3,-3.0,-0.3,2022-23
Kenrich Williams,14.4,3.3,0.5,0.8,2022-23
Matisse Thybulle,10.5,2.1,-0.5,0.4,2022-23
Matisse Thybulle,10.0,1.3,0.1,0.3,2022-23
Matisse Thybulle,11.0,0.9,-1.2,0.1,2022-23
Isaiah Livers,8.4,1.0,-2.4,-0.1,2022-23
Cameron Johnson,17.1,3.5,2.6,1.4,2022-23
Cameron Johnson,17.4,1.4,3.8,0.6,2022-23
Cameron Johnson,16.9,2.1,2.0,0.8,2022-23
Anthony Lamb,10.9,2.4,-1.1,0.3,2022-23
Taurean Prince,10.0,1.3,-3.3,-0.4,2022-23
Andrew Wiggins,14.7,2.3,-0.5,0.5,2022-23
Jordan Nwora,12.2,1.5,-2.1,0.0,2022-23
Jordan Nwora,10.0,0.7,-2.4,0.0,2022-23
Jordan Nwora,14.4,0.8,-1.8,0.0,2022-23
Gary Harris,10.5,2.3,-0.7,0.4,2022-23
Tre Mann,10.0,0.5,-3.9,-0.6,2022-23
Trendon Watford,13.6,2.1,-1.8,0.1,2022-23
Christian Braun,10.3,1.9,-2.4,-0.1,2022-23
Xavier Tillman Sr.,17.3,4.2,1.9,1.2,2022-23
Devin Vassell,15.5,1.2,0.4,0.7,2022-23
Collin Sexton,15.9,2.5,-1.3,0.2,2022-23
Precious Achiuwa,15.2,2.2,-2.3,-0.1,2022-23
Steven Adams,17.5,3.4,0.6,0.7,2022-23
Alec Burks,16.5,2.5,1.2,0.9,2022-23
Lamar Stevens,9.5,1.9,-2.8,-0.2,2022-23
Moritz Wagner,17.4,3.4,0.6,0.7,2022-23
Jordan Goodwin,14.8,2.2,0.7,0.8,2022-23
Victor Oladipo,10.6,0.6,-2.1,0.0,2022-23
Ben Simmons,13.4,2.2,0.4,0.7,2022-23
Jeff Green,11.0,1.7,-3.4,-0.4,2022-23
Brandon Clarke,20.0,4.5,2.5,1.3,2022-23
Bones Hyland,14.9,1.4,-0.8,0.3,2022-23
Bones Hyland,14.5,0.9,-0.8,0.3,2022-23
Bones Hyland,16.4,0.5,-0.9,0.1,2022-23
Oshae Brissett,10.6,1.1,-3.2,-0.3,2022-23
Thomas Bryant,19.7,4.1,0.6,0.7,2022-23
Thomas Bryant,21.5,3.8,2.3,0.9,2022-23
Thomas Bryant,11.8,0.3,-6.6,-0.2,2022-23
Obi Toppin,13.6,2.1,-0.5,0.4,2022-23
Joe Ingles,10.7,2.3,-0.7,0.3,2022-23
Jalen Johnson,14.1,2.1,0.3,0.6,2022-23
Isaiah Jackson,17.5,2.7,-0.8,0.3,2022-23
Dyson Daniels,8.8,1.3,-1.8,0.0,2022-23
Wenyen Gabriel,14.4,2.8,-2.2,-0.1,2022-23
Austin Rivers,7.4,1.3,-2.8,-0.2,2022-23
Hamidou Diallo,15.7,1.3,-1.4,0.1,2022-23
Will Barton,10.0,0.4,-2.6,-0.2,2022-23
Will Barton,10.0,0.2,-2.7,-0.1,2022-23
Will Barton,9.9,0.2,-2.5,0.0,2022-23
Marvin Bagley III,17.2,2.0,-0.9,0.3,2022-23
Cam Reddish,10.6,0.9,-3.4,-0.4,2022-23
Cam Reddish,10.6,0.7,-2.3,0.0,2022-23
Cam Reddish,10.6,0.3,-4.3,-0.3,2022-23
Jock Landale,16.4,2.7,-1.1,0.2,2022-23
Nassir Little,10.2,0.7,-3.0,-0.3,2022-23
Usman Garuba,12.9,1.8,-1.4,0.2,2022-23
JT Thor,7.0,0.2,-4.7,-0.7,2022-23
Haywood Highsmith,8.5,0.9,-3.1,-0.3,2022-23
Cameron Payne,13.2,1.1,-1.2,0.2,2022-23
Kendrick Nunn,11.1,0.2,-3.5,-0.4,2022-23
Kendrick Nunn,8.7,-0.2,-5.0,-0.4,2022-23
Kendrick Nunn,14.1,0.4,-1.6,0.0,2022-23
Karl-Anthony Towns,18.8,2.7,3.0,1.2,2022-23
Zion Williamson,25.2,3.6,5.8,1.9,2022-23
Kevin Knox,11.1,0.7,-3.5,-0.4,2022-23
Kevin Knox,10.3,0.5,-2.8,-0.1,2022-23
Kevin Knox,12.4,0.1,-4.6,-0.2,2022-23
Cam Thomas,14.7,1.0,-2.7,-0.2,2022-23
Mike Muscala,13.0,2.5,-0.4,0.4,2022-23
Mike Muscala,13.8,1.7,0.1,0.3,2022-23
Mike Muscala,11.6,0.8,-1.4,0.1,2022-23
Maxi Kleber,8.7,1.3,-2.2,0.0,2022-23
Yuta Watanabe,12.1,2.1,-0.6,0.3,2022-23
Ish Wainright,9.2,1.7,-1.2,0.2,2022-23
Daishen Nix,5.3,-1.2,-6.5,-1.0,2022-23
Jaylin Williams,11.2,1.9,-1.7,0.1,2022-23
Chris Duarte,8.6,0.0,-4.5,-0.6,2022-23
Derrick Jones Jr.,13.8,2.4,-0.4,0.3,2022-23
Dean Wade,8.5,1.8,-0.7,0.3,2022-23
Vlatko Čančar,11.0,1.7,-1.8,0.0,2022-23
Nickeil Alexander-Walker,11.6,1.1,-0.9,0.2,2022-23
Nickeil Alexander-Walker,13.0,0.8,0.5,0.3,2022-23
Nickeil Alexander-Walker,9.6,0.3,-3.0,-0.1,2022-23
Bismack Biyombo,14.4,1.9,-0.9,0.2,2022-23
Goran Dragić,10.3,0.4,-3.9,-0.4,2022-23
Goran Dragić,10.2,0.4,-3.7,-0.3,2022-23
Goran Dragić,11.4,0.1,-5.2,-0.1,2022-23
James Wiseman,15.6,1.4,-3.5,-0.3,2022-23
James Wiseman,17.1,0.8,-1.7,0.0,2022-23
James Wiseman,15.0,0.6,-4.3,-0.4,2022-23
Théo Maledon,11.6,0.8,-2.5,-0.1,2022-23
Andre Drummond,20.8,2.8,-0.8,0.3,2022-23
Aaron Holiday,9.4,0.9,-2.0,0.0,2022-23
Romeo Langford,10.4,0.5,-4.2,-0.5,2022-23
Terence Davis,12.9,0.9,-1.5,0.1,2022-23
George Hill,10.6,1.9,-1.5,0.1,2022-23
George Hill,9.8,1.4,-1.7,0.0,2022-23
George Hill,14.1,0.5,-0.6,0.1,2022-23
Mark Williams,19.8,2.8,0.1,0.4,2022-23
Robert Williams,19.8,3.8,3.3,1.1,2022-23
Wesley Matthews,7.0,1.2,-2.7,-0.1,2022-23
Moses Moody,10.3,1.3,-2.6,-0.1,2022-23
Rudy Gay,9.0,0.3,-4.0,-0.4,2022-23
Ty Jerome,12.8,2.1,-0.8,0.3,2022-23
Jeremiah Robinson-Earl,13.0,1.9,-1.5,0.1,2022-23
Jericho Sims,13.8,2.6,-0.5,0.3,2022-23
Caleb Houstan,6.2,0.7,-4.0,-0.4,2022-23
Danuel House Jr.,9.4,1.3,-3.0,-0.2,2022-23
Landry Shamet,10.9,1.2,-1.4,0.1,2022-23
Dario Šarić,13.5,1.7,-1.4,0.1,2022-23
Dario Šarić,12.3,0.9,-2.0,0.0,2022-23
Dario Šarić,15.9,0.7,-0.2,0.1,2022-23
Luke Kornet,16.7,3.3,1.0,0.6,2022-23
Christian Koloko,11.4,1.7,-3.5,-0.3,2022-23
Khris Middleton,17.4,1.9,0.8,0.6,2022-23
JaMychal Green,15.5,2.2,-0.5,0.3,2022-23
Thaddeus Young,14.1,1.8,0.1,0.4,2022-23
Bryce McGowens,7.2,0.1,-6.0,-0.8,2022-23
Josh Christopher,11.5,0.0,-4.3,-0.5,2022-23
Robert Covington,14.2,1.9,1.7,0.7,2022-23
Justise Winslow,9.3,0.4,-2.8,-0.2,2022-23
Mo Bamba,15.7,2.2,0.5,0.5,2022-23
Mo Bamba,16.3,2.1,1.3,0.6,2022-23
Mo Bamba,11.4,0.1,-5.5,-0.1,2022-23
Simone Fontecchio,8.0,-0.1,-5.2,-0.6,2022-23
Miles McBride,8.4,0.7,-2.3,-0.1,2022-23
Paul Reed,19.2,2.8,-0.1,0.4,2022-23
John Wall,13.6,0.3,-1.2,0.1,2022-23
R.J. Hampton,10.8,0.7,-2.9,-0.2,2022-23
R.J. Hampton,12.5,0.6,-1.2,0.1,2022-23
R.J. Hampton,9.3,0.1,-4.4,-0.2,2022-23
Edmond Sumner,14.0,1.3,-2.6,-0.1,2022-23
Zeke Nnaji,12.5,1.6,-3.7,-0.3,2022-23
Jaden Hardy,14.6,0.7,-2.3,0.0,2022-23
Justin Holiday,6.6,0.1,-3.9,-0.3,2022-23
Justin Holiday,6.1,0.1,-3.7,-0.2,2022-23
Justin Holiday,7.4,0.1,-4.1,-0.2,2022-23
MarJon Beauchamp,8.2,0.4,-4.8,-0.5,2022-23
Aleksej Pokusevski,13.4,1.0,0.0,0.3,2022-23
Juan Toscano-Anderson,7.2,0.5,-3.8,-0.3,2022-23
Juan Toscano-Anderson,7.5,0.4,-3.4,-0.1,2022-23
Juan Toscano-Anderson,6.9,0.1,-4.3,-0.2,2022-23
Malachi Flynn,8.7,0.5,-4.1,-0.4,2022-23
Duncan Robinson,7.8,0.5,-5.0,-0.5,2022-23
Chimezie Metu,17.3,2.1,-0.1,0.3,2022-23
T.J. Warren,13.5,1.2,-2.0,0.0,2022-23
T.J. Warren,14.3,0.8,-2.0,0.0,2022-23
T.J. Warren,11.6,0.3,-1.9,0.0,2022-23
Garrison Mathews,9.7,1.0,-2.4,-0.1,2022-23
Garrison Mathews,9.1,0.7,-2.5,-0.1,2022-23
Garrison Mathews,14.0,0.2,-1.7,0.0,2022-23
Montrezl Harrell,17.6,2.2,-1.3,0.1,2022-23
Jordan McLaughlin,11.8,1.3,-0.7,0.2,2022-23
Jae'Sean Tate,12.2,0.7,-3.5,-0.3,2022-23
Blake Wesley,3.5,-1.6,-9.6,-1.3,2022-23
Sandro Mamukelashvili,13.4,0.9,-2.4,-0.1,2022-23
Sandro Mamukelashvili,8.5,0.2,-3.6,-0.1,2022-23
Sandro Mamukelashvili,15.9,0.6,-1.8,0.0,2022-23
Eugene Omoruyi,10.9,0.6,-4.4,-0.4,2022-23
Eugene Omoruyi,10.6,0.3,-4.9,-0.2,2022-23
Eugene Omoruyi,11.2,0.3,-4.1,-0.2,2022-23
Payton Pritchard,10.3,0.6,-3.4,-0.2,2022-23
Amir Coffey,7.0,0.4,-5.0,-0.5,2022-23
Anthony Gill,11.1,1.3,-3.3,-0.2,2022-23
Jabari Walker,9.6,0.2,-6.1,-0.6,2022-23
Darius Bazley,13.1,1.0,-1.0,0.2,2022-23
Darius Bazley,12.9,0.9,-1.0,0.1,2022-23
Darius Bazley,15.5,0.1,-0.4,0.0,2022-23
Juancho Hernangómez,7.6,0.7,-3.3,-0.2,2022-23
Jaxson Hayes,13.7,1.5,-1.2,0.1,2022-23
Frank Ntilikina,5.2,-0.1,-6.7,-0.7,2022-23
DeAndre Jordan,14.7,1.4,-1.8,0.0,2022-23
Blake Griffin,13.1,1.8,0.1,0.3,2022-23
Ousmane Dieng,9.3,0.4,-3.6,-0.2,2022-23
Kris Dunn,19.1,1.9,2.4,0.6,2022-23
Patty Mills,10.6,0.4,-3.1,-0.2,2022-23
Ricky Rubio,10.4,0.7,-2.8,-0.1,2022-23
Ziaire Williams,7.4,0.1,-5.6,-0.5,2022-23
Day'Ron Sharpe,17.8,1.6,-2.3,0.0,2022-23
Kai Jones,10.8,0.7,-4.0,-0.3,2022-23
Lindy Waters III,11.8,1.1,0.1,0.3,2022-23
Rodney McGruder,10.7,0.7,-1.5,0.1,2022-23
Chuma Okeke,9.1,0.7,-1.6,0.1,2022-23
James Bouknight,6.2,-0.4,-6.5,-0.6,2022-23
Max Christie,7.4,0.6,-3.1,-0.1,2022-23
Charles Bassey,18.8,1.3,0.7,0.3,2022-23
Raul Neto,12.6,1.5,-0.2,0.2,2022-23
Dāvis Bertāns,11.9,0.9,-1.2,0.1,2022-23
Taj Gibson,11.4,0.8,-3.2,-0.1,2022-23
Javonte Green,14.5,1.4,1.4,0.4,2022-23
Damian Jones,12.9,1.2,-1.7,0.0,2022-23
Damian Jones,13.8,0.4,-2.0,0.0,2022-23
Damian Jones,12.4,0.8,-1.5,0.0,2022-23
Isaiah Roby,9.3,-0.1,-4.6,-0.3,2022-23
Stanley Johnson,13.5,0.7,-1.0,0.1,2022-23
Svi Mykhailiuk,14.0,0.8,-0.1,0.2,2022-23
Svi Mykhailiuk,15.8,0.1,4.1,0.1,2022-23
Svi Mykhailiuk,13.8,0.7,-0.5,0.2,2022-23
Evan Fournier,6.9,0.1,-4.0,-0.2,2022-23
Willy Hernangómez,20.7,1.6,0.3,0.3,2022-23
Kevon Harris,9.2,0.6,-3.6,-0.2,2022-23
Goga Bitadze,17.1,1.3,0.3,0.3,2022-23
Goga Bitadze,13.9,0.4,-1.1,0.0,2022-23
Goga Bitadze,19.7,1.0,1.3,0.2,2022-23
Admiral Schofield,10.1,0.8,-2.9,-0.1,2022-23
TyTy Washington Jr.,7.5,-0.1,-6.3,-0.5,2022-23
Dewayne Dedmon,15.5,1.0,-1.6,0.0,2022-23
Dewayne Dedmon,15.6,0.8,-1.8,0.0,2022-23
Dewayne Dedmon,15.5,0.2,-0.7,0.0,2022-23
Orlando Robinson,13.4,1.1,-2.1,0.0,2022-23
Johnny Davis,7.2,-0.3,-7.4,-0.6,2022-23
Keon Johnson,9.0,-0.5,-5.4,-0.4,2022-23
Jake LaRavia,6.7,0.5,-3.5,-0.2,2022-23
Dominick Barlow,12.4,0.7,-4.6,-0.3,2022-23
Bruno Fernando,16.6,0.9,-2.0,0.0,2022-23
Bruno Fernando,16.1,0.8,-1.7,0.0,2022-23
Bruno Fernando,20.1,0.1,-5.0,0.0,2022-23
Cade Cunningham,14.0,-0.1,-0.7,0.1,2022-23
Ish Smith,6.5,-0.5,-6.6,-0.5,2022-23
Duane Washington Jr.,9.3,-0.5,-4.6,-0.3,2022-23
Kessler Edwards,8.4,0.4,-3.9,-0.2,2022-23
Kessler Edwards,2.4,-0.2,-9.7,-0.2,2022-23
Kessler Edwards,10.0,0.6,-2.5,0.0,2022-23
Saben Lee,13.1,0.7,-1.8,0.0,2022-23
Saben Lee,12.8,0.0,-4.3,0.0,2022-23
Saben Lee,13.1,0.7,-1.8,0.0,2022-23
Gary Payton II,13.3,1.0,0.3,0.2,2022-23
Gary Payton II,11.3,0.5,-0.6,0.1,2022-23
Gary Payton II,17.7,0.4,2.4,0.1,2022-23
Udoka Azubuike,16.1,1.0,-0.6,0.1,2022-23
Gorgui Dieng,9.9,0.0,-3.9,-0.2,2022-23
JaVale McGee,17.2,0.6,-3.7,-0.1,2022-23
Markieff Morris,10.4,0.4,-2.7,-0.1,2022-23
Markieff Morris,10.7,0.4,-1.9,0.0,2022-23
Markieff Morris,9.1,0.0,-5.8,-0.1,2022-23
Furkan Korkmaz,9.3,0.1,-4.4,-0.2,2022-23
Richaun Holmes,12.9,0.8,-2.9,-0.1,2022-23
A.J. Green,11.5,0.8,-0.9,0.1,2022-23
Davon Reed,6.2,0.1,-5.3,-0.3,2022-23
Davon Reed,5.2,-0.1,-6.1,-0.3,2022-23
Davon Reed,16.7,0.1,4.3,0.0,2022-23
Jae Crowder,14.6,1.2,1.2,0.3,2022-23
Derrick Rose,10.1,0.0,-3.7,-0.1,2022-23
McKinley Wright IV,12.4,0.5,-2.7,-0.1,2022-23
Theo Pinson,10.1,0.5,-3.4,-0.1,2022-23
Julian Champagnie,13.4,0.4,-3.3,-0.1,2022-23
Julian Champagnie,-3.8,0.0,-13.5,0.0,2022-23
Julian Champagnie,13.8,0.4,-3.0,-0.1,2022-23
Matt Ryan,8.1,0.3,-3.4,-0.1,2022-23
Matt Ryan,4.6,0.0,-5.7,-0.1,2022-23
Matt Ryan,10.6,0.3,-1.7,0.0,2022-23
Robin Lopez,11.6,0.6,-3.0,-0.1,2022-23
Moses Brown,22.2,1.1,-0.6,0.1,2022-23
Moses Brown,22.7,1.1,-0.4,0.1,2022-23
Moses Brown,-2.6,0.0,-9.9,0.0,2022-23
Nathan Knight,14.5,0.7,-3.2,-0.1,2022-23
Kennedy Chandler,10.6,0.3,-2.7,0.0,2022-23
Dalano Banton,14.9,0.4,-0.5,0.1,2022-23
Trent Forrest,6.1,-0.1,-5.1,-0.2,2022-23
Bryn Forbes,6.2,0.0,-6.3,-0.3,2022-23
Terry Taylor,11.0,0.3,-4.1,-0.1,2022-23
Terry Taylor,8.8,0.1,-5.3,-0.2,2022-23
Terry Taylor,25.0,0.2,3.7,0.1,2022-23
Jeff Dowtin,9.9,0.4,-1.9,0.0,2022-23
KZ Okpala,6.2,0.3,-3.2,-0.1,2022-23
Brandon Boston Jr.,13.4,0.2,-2.2,0.0,2022-23
Luka Garza,23.0,1.1,-0.4,0.1,2022-23
Jamal Cain,16.5,0.8,0.8,0.2,2022-23
Kira Lewis Jr.,14.5,0.6,-0.3,0.1,2022-23
Frank Kaminsky,15.3,0.7,2.8,0.3,2022-23
Frank Kaminsky,14.9,0.5,2.6,0.2,2022-23
Frank Kaminsky,16.6,0.2,3.7,0.1,2022-23
Johnny Juzang,6.5,-0.2,-6.5,-0.3,2022-23
David Duke Jr.,8.3,-0.1,-7.3,-0.3,2022-23
Patrick Baldwin Jr.,11.3,0.1,-2.1,0.0,2022-23
John Butler,5.7,0.0,-6.2,-0.2,2022-23
Cody Zeller,16.4,0.7,-2.8,0.0,2022-23
Dalen Terry,14.1,0.5,0.0,0.1,2022-23
Matthew Dellavedova,6.7,0.1,-5.2,-0.2,2022-23
Thanasis Antetokounmpo,6.7,0.1,-7.6,-0.3,2022-23
Nikola Jović,10.6,0.2,-3.4,-0.1,2022-23
Jared Rhoden,6.5,0.1,-6.1,-0.2,2022-23
Moussa Diabaté,14.2,0.4,-2.8,0.0,2022-23
Nerlens Noel,7.9,0.0,-3.8,-0.1,2022-23
Nerlens Noel,10.0,0.1,-2.0,0.0,2022-23
Nerlens Noel,0.3,-0.1,-10.3,-0.1,2022-23
Skylar Mays,19.4,0.7,0.0,0.1,2022-23
Peyton Watson,12.8,0.3,-2.8,0.0,2022-23
Serge Ibaka,9.8,0.2,-4.5,-0.1,2022-23
Kenneth Lofton Jr.,20.2,0.5,-0.4,0.1,2022-23
Mamadi Diakite,9.0,0.2,-3.4,-0.1,2022-23
Ryan Arcidiacono,2.7,-0.2,-8.8,-0.3,2022-23
Ryan Arcidiacono,3.1,0.0,-5.1,0.0,2022-23
Ryan Arcidiacono,2.6,-0.1,-9.4,-0.3,2022-23
Boban Marjanović,23.4,0.6,1.6,0.2,2022-23
Noah Vonleh,5.9,0.2,-6.3,-0.2,2022-23
Vit Krejci,7.7,0.1,-3.6,-0.1,2022-23
Garrett Temple,10.5,0.3,-1.0,0.0,2022-23
Khem Birch,9.4,0.2,-3.5,-0.1,2022-23
James Johnson,8.4,0.1,-4.4,-0.1,2022-23
Alex Len,12.8,0.3,-4.0,-0.1,2022-23
Luka Šamanić,11.0,0.2,-2.1,0.0,2022-23
Dru Smith,11.4,0.3,-0.9,0.0,2022-23
Dru Smith,7.1,0.1,-3.1,0.0,2022-23
Dru Smith,14.6,0.3,0.7,0.1,2022-23
Wendell Moore Jr.,9.3,0.1,-2.4,0.0,2022-23
Otto Porter Jr.,14.0,0.4,0.7,0.1,2022-23
Kemba Walker,15.0,0.3,-0.3,0.1,2022-23
Danny Green,10.8,0.2,-1.9,0.0,2022-23
Danny Green,-0.2,-0.1,-8.8,-0.1,2022-23
Danny Green,15.8,0.2,1.2,0.1,2022-23
Jarrett Culver,9.5,0.0,-4.2,-0.1,2022-23
Quenton Jackson,12.2,0.2,-5.1,-0.1,2022-23
Cody Martin,8.7,0.1,-4.6,-0.1,2022-23
Jeenathan Williams,15.5,0.3,-3.0,0.0,2022-23
Xavier Cooks,14.3,0.2,-3.6,-0.1,2022-23
Jason Preston,10.3,0.1,-2.6,0.0,2022-23
Jonathan Isaac,20.3,0.3,4.0,0.2,2022-23
Shaquille Harrison,17.9,0.3,0.1,0.1,2022-23
Meyers Leonard,12.0,0.3,-5.0,-0.1,2022-23
Olivier Sarr,11.5,0.2,-4.9,-0.1,2022-23
Andre Iguodala,7.3,0.1,-2.5,0.0,2022-23
Daniel Theis,14.2,0.1,-1.4,0.0,2022-23
A.J. Lawson,13.9,0.1,-4.4,-0.1,2022-23
A.J. Lawson,34.4,0.0,5.2,0.0,2022-23
A.J. Lawson,13.5,0.1,-4.6,-0.1,2022-23
Justin Jackson,6.3,0.1,-2.6,0.0,2022-23
Vince Williams Jr.,3.9,-0.1,-8.5,-0.2,2022-23
Josh Minott,17.9,0.3,-1.6,0.0,2022-23
Jay Huff,22.3,0.5,4.0,0.1,2022-23
Greg Brown III,5.8,-0.1,-8.5,-0.2,2022-23
Joshua Primo,6.1,-0.1,-6.3,-0.1,2022-23
Buddy Boeheim,0.5,-0.2,-9.5,-0.2,2022-23
Jaden Springer,17.2,0.3,0.3,0.1,2022-23
Justin Minaya,4.0,-0.1,-9.0,-0.2,2022-23
Lindell Wigginton,11.8,0.1,-6.7,-0.1,2022-23
Isaiah Mobley,14.1,0.2,-1.4,0.0,2022-23
Jordan Hall,5.5,-0.1,-7.6,-0.1,2022-23
Omer Yurtseven,16.7,0.3,-3.9,0.0,2022-23
PJ Dozier,5.2,-0.2,-7.8,-0.1,2022-23
Jared Butler,13.0,0.1,-2.6,0.0,2022-23
Keon Ellis,14.0,0.2,1.3,0.1,2022-23
Udonis Haslem,6.2,0.0,-12.1,-0.2,2022-23
Jamaree Bouyea,6.5,0.0,-4.2,0.0,2022-23
Jamaree Bouyea,7.8,0.0,-2.9,0.0,2022-23
Jamaree Bouyea,-6.9,0.0,-17.8,0.0,2022-23
Trevelin Queen,6.0,-0.2,-7.2,-0.1,2022-23
Leandro Bolmaro,-5.0,-0.3,-14.7,-0.2,2022-23
Jack White,12.6,0.1,-1.9,0.0,2022-23
Tyrese Martin,7.7,0.0,-7.4,-0.1,2022-23
JD Davison,10.1,0.1,-4.2,0.0,2022-23
Ryan Rollins,-1.4,-0.3,-15.0,-0.2,2022-23
Isaiah Todd,-1.0,-0.2,-14.2,-0.2,2022-23
Sam Merrill,15.5,0.2,1.2,0.0,2022-23
Carlik Jones,11.1,0.1,-2.5,0.0,2022-23
Gabe York,11.8,0.1,-3.5,0.0,2022-23
Devon Dotson,4.8,0.0,-5.3,0.0,2022-23
Facundo Campazzo,7.8,0.0,-1.2,0.0,2022-23
Micah Potter,18.6,0.2,3.5,0.1,2022-23
Joe Wieskamp,-0.4,-0.1,-10.6,-0.1,2022-23
Ron Harper Jr.,15.7,0.2,1.2,0.0,2022-23
Xavier Sneed,9.5,0.1,-3.6,0.0,2022-23
Michael Carter-Williams,9.0,0.0,-6.3,0.0,2022-23
Cole Swider,7.4,0.1,-3.4,0.0,2022-23
Mac McClung,19.2,0.1,0.5,0.0,2022-23
Jacob Gilyard,7.3,0.1,-6.1,0.0,2022-23
Kendall Brown,9.1,0.1,-2.9,0.0,2022-23
Jarrell Brantley,18.5,0.1,3.5,0.1,2022-23
Mfiondu Kabengele,8.1,0.1,-8.9,-0.1,2022-23
RaiQuan Gray,15.5,0.1,-2.0,0.0,2022-23
Justin Champagnie,10.3,0.0,-7.9,-0.1,2022-23
Justin Champagnie,28.9,0.1,8.1,0.0,2022-23
Justin Champagnie,1.5,-0.1,-15.5,-0.1,2022-23
Tony Bradley,21.7,0.2,4.9,0.1,2022-23
Scotty Pippen Jr.,9.6,0.0,-5.9,0.0,2022-23
Alize Johnson,4.3,-0.1,-9.1,-0.1,2022-23
Jay Scrubb,14.2,0.1,-1.9,0.0,2022-23
Neemias Queta,17.0,0.1,-3.4,0.0,2022-23
Louis King,21.3,0.1,2.3,0.0,2022-23
Vernon Carey Jr.,10.8,0.0,-5.0,0.0,2022-23
Trevor Hudgins,4.2,0.0,-8.4,0.0,2022-23
Kobi Simmons,9.0,0.0,-0.9,0.0,2022-23
Darius Days,18.3,0.1,3.5,0.0,2022-23
Sterling Brown,7.0,0.0,-3.3,0.0,2022-23
Chance Comanche,12.2,0.0,-7.5,0.0,2022-23
Marko Simonovic,-0.1,0.0,-14.4,-0.1,2022-23
Xavier Moon,7.2,0.0,-5.1,0.0,2022-23
Lester Quiñones,8.6,0.0,-10.2,0.0,2022-23
Dereon Seabron,4.6,0.0,-11.3,0.0,2022-23
Dylan Windler,19.0,0.0,6.7,0.0,2022-23
Malcolm Hill,15.4,0.0,2.4,0.0,2022-23
Braxton Key,18.6,0.0,2.9,0.0,2022-23
Tyler Dorsey,45.5,0.1,17.8,0.0,2022-23
Trevor Keels,3.7,0.0,-13.0,0.0,2022-23
Chima Moneke,-3.5,0.0,-20.7,0.0,2022-23
Deonte Burton,-12.6,0.0,-24.2,0.0,2022-23
Jordan Schakel,24.3,0.0,17.0,0.0,2022-23
Frank Jackson,-6.8,0.0,-22.2,0.0,2022-23
Alondes Williams,-20.9,-0.1,-26.5,0.0,2022-23
Donovan Williams,14.5,0.0,-15.2,0.0,2022-23
Chris Silva,-2.2,0.0,-22.6,0.0,2022-23
Stanley Umude,65.6,0.0,48.6,0.0,2022-23
Michael Foster Jr.,0.0,0.0,-9.2,0.0,2022-23
League Average,,,,,2022-23
Domantas Sabonis,23.2,12.6,6.5,6.2,2023-24
Coby White,14.5,4.7,-0.7,0.9,2023-24
Mikal Bridges,14.9,4.2,-0.4,1.2,2023-24
Paolo Banchero,17.3,5.3,1.3,2.3,2023-24
Kevin Durant,21.2,8.3,4.0,4.3,2023-24
Dejounte Murray,17.7,4.9,1.7,2.6,2023-24
Anthony Edwards,19.7,7.5,3.3,3.7,2023-24
Nikola Jokić,31.0,17.0,13.2,10.6,2023-24
Jalen Brunson,23.4,11.2,5.8,5.4,2023-24
Josh Hart,11.8,5.7,0.0,1.4,2023-24
Anthony Davis,25.8,11.8,5.1,4.9,2023-24
Fred VanVleet,16.7,8.4,3.4,3.6,2023-24
De'Aaron Fox,20.1,6.5,2.7,3.2,2023-24
Pascal Siakam,19.7,6.9,1.9,2.7,2023-24
Pascal Siakam,18.8,3.0,1.4,1.2,2023-24
Pascal Siakam,20.7,3.9,2.5,1.5,2023-24
Jayson Tatum,22.3,10.4,5.1,4.7,2023-24
Austin Reaves,15.5,5.9,0.4,1.6,2023-24
Tyrese Maxey,19.8,8.1,3.1,3.4,2023-24
Luka Dončić,28.1,12.0,9.9,8.0,2023-24
Nikola Vučević,17.7,5.4,0.1,1.4,2023-24
Jalen Green,14.7,3.1,-0.5,1.0,2023-24
Rudy Gobert,19.3,11.6,1.8,2.5,2023-24
Keegan Murray,13.3,5.2,-0.9,0.8,2023-24
Miles Bridges,15.4,2.2,-1.1,0.6,2023-24
Damian Lillard,19.6,7.7,2.1,2.7,2023-24
Giannis Antetokounmpo,29.9,13.2,9.0,7.2,2023-24
Michael Porter Jr.,15.5,6.2,0.1,1.3,2023-24
Shai Gilgeous-Alexander,29.3,14.6,9.0,7.1,2023-24
Grayson Allen,13.8,6.9,1.3,2.0,2023-24
LeBron James,23.7,8.5,6.5,5.4,2023-24
Paul George,19.3,7.3,3.2,3.3,2023-24
Dennis Schröder,13.3,3.3,-1.8,0.1,2023-24
Dennis Schröder,13.9,2.5,-1.8,0.1,2023-24
Dennis Schröder,12.3,0.8,-1.9,0.0,2023-24
D'Angelo Russell,16.0,5.1,0.9,1.8,2023-24
James Harden,18.6,8.4,4.1,3.8,2023-24
Devin Booker,21.9,9.2,3.0,3.1,2023-24
Jarrett Allen,21.8,10.7,3.0,3.1,2023-24
Jabari Smith Jr.,13.8,5.6,-0.4,1.0,2023-24
Stephen Curry,20.6,7.2,5.2,4.4,2023-24
Bam Adebayo,19.8,7.2,2.4,2.7,2023-24
Chet Holmgren,20.4,8.9,3.4,3.3,2023-24
Brook Lopez,14.8,5.9,1.0,1.8,2023-24
Kentavious Caldwell-Pope,10.7,4.8,-1.4,0.4,2023-24
Bogdan Bogdanović,14.7,3.9,0.2,1.4,2023-24
Brandon Miller,13.0,0.8,-2.6,-0.3,2023-24
Harrison Barnes,11.9,4.7,-1.8,0.1,2023-24
Derrick White,16.9,8.5,3.8,3.5,2023-24
Tobias Harris,16.5,5.9,0.9,1.7,2023-24
Donte DiVincenzo,16.0,6.6,3.4,3.2,2023-24
Jordan Poole,12.1,-0.6,-3.9,-1.2,2023-24
Jaylen Brown,18.6,5.9,0.7,1.6,2023-24
Malik Beasley,10.3,3.5,-1.8,0.1,2023-24
Franz Wagner,17.6,6.4,1.2,1.9,2023-24
Kawhi Leonard,23.2,8.9,5.5,4.4,2023-24
Herbert Jones,13.2,6.3,0.6,1.6,2023-24
Aaron Gordon,16.8,7.1,1.3,1.9,2023-24
Klay Thompson,13.9,3.6,-0.4,0.9,2023-24
Kyle Kuzma,15.7,0.2,-1.1,0.5,2023-24
Jrue Holiday,14.4,6.3,2.1,2.4,2023-24
Deni Avdija,14.9,3.2,-0.9,0.6,2023-24
Devin Vassell,15.7,3.6,0.0,1.1,2023-24
Luguentz Dort,11.1,4.6,-1.6,0.2,2023-24
Max Strus,11.7,3.9,-0.6,0.8,2023-24
Dillon Brooks,9.4,2.7,-3.6,-0.9,2023-24
Tyrese Haliburton,23.3,9.0,6.9,5.0,2023-24
Jalen Williams,19.1,7.3,2.3,2.4,2023-24
P.J. Washington,12.2,1.9,-2.1,-0.1,2023-24
P.J. Washington,13.0,0.8,-2.8,-0.3,2023-24
P.J. Washington,11.0,1.1,-1.2,0.2,2023-24
Jaden Ivey,12.4,0.5,-3.1,-0.6,2023-24
Ayo Dosunmu,13.4,4.1,-0.8,0.7,2023-24
Zion Williamson,22.8,7.5,3.8,3.3,2023-24
Mike Conley,15.8,8.2,3.4,3.0,2023-24
Jeremy Sochan,11.4,1.4,-3.4,-0.8,2023-24
Buddy Hield,13.3,3.5,0.4,1.3,2023-24
Buddy Hield,13.1,2.0,0.2,0.7,2023-24
Buddy Hield,13.6,1.5,0.8,0.6,2023-24
CJ McCollum,17.9,5.9,3.1,2.8,2023-24
Spencer Dinwiddie,11.7,3.6,-1.9,0.1,2023-24
Spencer Dinwiddie,13.5,2.9,-1.3,0.3,2023-24
Spencer Dinwiddie,8.0,0.7,-3.2,-0.2,2023-24
Tre Jones,14.7,4.9,-0.4,0.9,2023-24
Grant Williams,10.6,2.6,-2.6,-0.3,2023-24
Grant Williams,8.3,1.3,-3.4,-0.4,2023-24
Grant Williams,13.9,1.3,-1.5,0.1,2023-24
Jaren Jackson Jr.,17.4,3.0,0.4,1.3,2023-24
Tim Hardaway Jr.,12.1,2.2,-2.9,-0.5,2023-24
Nic Claxton,18.7,6.7,1.2,1.7,2023-24
Jaime Jaquez Jr.,12.9,4.0,-1.9,0.1,2023-24
Taurean Prince,8.8,1.9,-2.8,-0.4,2023-24
Victor Wembanyama,23.1,3.7,5.2,3.8,2023-24
Jaden McDaniels,9.4,3.4,-2.6,-0.3,2023-24
Brandon Ingram,18.2,5.1,1.2,1.7,2023-24
Scottie Barnes,19.5,4.3,3.7,3.0,2023-24
Jusuf Nurkić,17.4,5.8,1.1,1.6,2023-24
Myles Turner,19.3,5.8,0.9,1.5,2023-24
Collin Sexton,19.9,5.5,1.9,2.0,2023-24
Cam Thomas,16.1,2.5,-1.2,0.4,2023-24
Cade Cunningham,17.1,1.8,0.3,1.2,2023-24
Corey Kispert,12.8,2.1,-2.1,-0.1,2023-24
Saddiq Bey,13.1,3.5,-1.8,0.1,2023-24
Kelly Oubre Jr.,13.5,3.0,-2.3,-0.1,2023-24
Alperen Şengün,22.0,6.9,4.9,3.5,2023-24
Jimmy Butler,22.0,9.1,4.6,3.4,2023-24
Alex Caruso,14.5,4.9,2.5,2.3,2023-24
Terry Rozier,17.3,3.9,1.5,1.8,2023-24
Terry Rozier,19.2,2.0,2.3,1.1,2023-24
Terry Rozier,15.1,1.9,0.7,0.7,2023-24
Keldon Johnson,14.2,3.0,-1.7,0.2,2023-24
Kyrie Irving,21.9,6.9,4.9,3.6,2023-24
Karl-Anthony Towns,18.8,6.3,2.5,2.3,2023-24
Jalen Suggs,14.1,4.7,1.0,1.5,2023-24
Keyonte George,10.4,-0.3,-4.4,-1.2,2023-24
Josh Giddey,16.6,4.3,1.5,1.8,2023-24
Bobby Portis,17.5,4.7,-0.8,0.6,2023-24
Aaron Nesmith,12.8,4.1,-0.5,0.8,2023-24
Gary Trent Jr.,12.0,1.7,-2.6,-0.3,2023-24
Norman Powell,13.9,4.1,-0.8,0.6,2023-24
Immanuel Quickley,16.7,4.7,1.3,1.7,2023-24
Immanuel Quickley,17.1,2.2,2.5,0.8,2023-24
Immanuel Quickley,16.5,2.5,0.6,0.8,2023-24
Brandin Podziemski,13.0,4.1,-0.1,0.9,2023-24
Naz Reid,16.0,4.9,1.5,1.7,2023-24
Caris LeVert,14.6,3.6,0.2,1.1,2023-24
Royce O'Neale,11.1,3.4,0.0,1.0,2023-24
Royce O'Neale,10.4,1.8,-0.7,0.4,2023-24
Royce O'Neale,12.3,1.7,1.3,0.6,2023-24
Jonathan Kuminga,17.0,4.6,-0.4,0.8,2023-24
Donovan Mitchell,22.1,6.4,5.8,3.9,2023-24
Trae Young,20.3,4.6,2.6,2.2,2023-24
Dorian Finney-Smith,10.1,2.6,-2.0,0.0,2023-24
Tyus Jones,16.5,4.5,0.7,1.3,2023-24
Jonas Valančiūnas,19.8,7.1,1.2,1.6,2023-24
Nickeil Alexander-Walker,10.9,4.3,0.2,1.1,2023-24
Andrew Wiggins,12.7,2.8,-2.5,-0.3,2023-24
Duncan Robinson,12.2,3.6,-0.9,0.6,2023-24
John Collins,17.5,4.4,-0.9,0.5,2023-24
Darius Garland,14.5,2.7,-1.0,0.5,2023-24
Isaiah Hartenstein,18.9,8.1,3.5,2.6,2023-24
Eric Gordon,10.8,2.5,-1.7,0.1,2023-24
Jalen Johnson,16.3,3.8,1.2,1.5,2023-24
Isaac Okoro,11.4,4.2,-1.1,0.4,2023-24
Clint Capela,20.7,6.3,0.1,1.0,2023-24
Terance Mann,12.0,4.2,-1.5,0.2,2023-24
Malik Monk,16.0,3.5,0.6,1.2,2023-24
Bruce Brown,11.6,2.2,-3.3,-0.6,2023-24
Bruce Brown,12.2,1.5,-2.3,-0.1,2023-24
Bruce Brown,10.9,0.7,-4.5,-0.5,2023-24
Jamal Murray,20.7,5.9,4.1,2.9,2023-24
RJ Barrett,16.4,2.9,-0.8,0.6,2023-24
RJ Barrett,14.3,1.1,-2.0,0.0,2023-24
RJ Barrett,17.8,1.7,0.1,0.6,2023-24
Georges Niang,9.9,2.4,-2.9,-0.4,2023-24
Jerami Grant,15.4,2.7,-0.1,0.9,2023-24
Rui Hachimura,15.0,4.1,-0.9,0.5,2023-24
Payton Pritchard,15.3,6.1,1.0,1.4,2023-24
Lauri Markkanen,21.5,6.2,3.6,2.6,2023-24
Reggie Jackson,11.7,2.1,-3.2,-0.6,2023-24
Cole Anthony,14.6,3.6,0.1,1.0,2023-24
Daniel Gafford,21.7,7.8,2.6,2.1,2023-24
Daniel Gafford,19.9,4.4,0.9,0.9,2023-24
Daniel Gafford,25.0,3.3,5.9,1.3,2023-24
Ivica Zubac,19.3,6.8,0.8,1.3,2023-24
Deandre Ayton,18.9,3.9,0.3,1.0,2023-24
Derrick Jones Jr.,11.7,3.1,-1.5,0.2,2023-24
Kyle Anderson,12.7,4.5,1.1,1.4,2023-24
Jalen Duren,18.7,4.8,-0.1,0.9,2023-24
Bradley Beal,16.3,3.9,0.4,1.1,2023-24
Scoot Henderson,9.5,-1.7,-5.8,-1.7,2023-24
Nick Richards,16.7,5.1,-2.3,-0.1,2023-24
Kelly Olynyk,17.4,4.9,1.8,1.7,2023-24
Kelly Olynyk,17.3,3.1,2.6,1.2,2023-24
Kelly Olynyk,17.4,1.7,0.7,0.5,2023-24
Caleb Martin,10.8,2.4,-2.0,0.0,2023-24
Sam Hauser,13.0,4.9,1.2,1.4,2023-24
Al Horford,15.0,6.2,3.6,2.5,2023-24
Toumani Camara,10.6,2.0,-3.1,-0.5,2023-24
Obi Toppin,16.5,4.8,1.5,1.5,2023-24
Bilal Coulibaly,8.9,0.4,-4.2,-0.9,2023-24
OG Anunoby,12.8,2.6,-0.6,0.6,2023-24
OG Anunoby,12.6,1.0,-1.6,0.1,2023-24
OG Anunoby,13.0,1.6,0.6,0.5,2023-24
Jabari Walker,13.0,2.9,-3.3,-0.6,2023-24
Andrew Nembhard,11.3,2.0,-2.2,-0.1,2023-24
Cason Wallace,12.0,4.0,0.1,0.9,2023-24
Trey Murphy III,16.3,5.4,2.5,1.9,2023-24
Kristaps Porziņģis,23.2,7.9,5.1,3.0,2023-24
Kyle Lowry,10.9,3.5,-1.0,0.4,2023-24
Kyle Lowry,10.9,2.2,-0.8,0.3,2023-24
Kyle Lowry,11.0,1.4,-1.3,0.1,2023-24
Jordan Clarkson,12.7,0.2,-4.5,-1.1,2023-24
De'Andre Hunter,12.7,2.2,-2.4,-0.2,2023-24
Pat Connaughton,9.6,2.8,-1.6,0.2,2023-24
Christian Braun,12.1,3.4,-1.9,0.0,2023-24
Simone Fontecchio,12.1,2.1,-1.0,0.4,2023-24
Simone Fontecchio,11.2,1.3,-1.6,0.1,2023-24
Simone Fontecchio,14.4,0.8,0.6,0.3,2023-24
Ochai Agbaji,7.7,0.1,-4.4,-1.0,2023-24
Ochai Agbaji,8.1,0.4,-3.0,-0.3,2023-24
Ochai Agbaji,7.1,-0.3,-6.5,-0.7,2023-24
Julius Randle,18.9,3.8,1.9,1.6,2023-24
Precious Achiuwa,14.6,3.4,-1.4,0.2,2023-24
Precious Achiuwa,15.0,0.4,-1.6,0.0,2023-24
Precious Achiuwa,14.5,3.0,-1.4,0.2,2023-24
Santi Aldama,13.1,2.4,-0.2,0.7,2023-24
Cameron Johnson,14.5,3.3,0.4,1.0,2023-24
Malaki Branham,8.7,-0.3,-5.6,-1.5,2023-24
Paul Reed,17.4,5.1,0.4,0.9,2023-24
Ausar Thompson,12.8,1.8,-2.2,-0.1,2023-24
Anfernee Simons,15.9,2.2,0.2,0.8,2023-24
Kevin Huerter,12.4,2.9,-0.8,0.5,2023-24
Bennedict Mathurin,13.0,1.4,-3.4,-0.6,2023-24
Evan Mobley,20.1,5.5,2.9,1.9,2023-24
Chris Paul,14.7,4.3,1.0,1.2,2023-24
Russell Westbrook,16.2,2.1,0.5,1.0,2023-24
Nicolas Batum,10.2,3.3,-0.4,0.6,2023-24
Nicolas Batum,9.8,0.1,2.8,0.1,2023-24
Nicolas Batum,10.3,3.2,-0.5,0.5,2023-24
Zach Collins,14.3,1.8,-2.0,0.0,2023-24
Josh Green,9.9,2.2,-2.7,-0.3,2023-24
Walker Kessler,18.0,4.1,0.9,1.1,2023-24
Draymond Green,14.5,3.6,2.4,1.6,2023-24
Peyton Watson,11.8,2.5,-2.2,-0.1,2023-24
Matisse Thybulle,10.4,2.2,0.6,0.9,2023-24
Khris Middleton,17.0,3.4,1.1,1.2,2023-24
Bojan Bogdanović,12.6,1.1,-3.2,-0.4,2023-24
Bojan Bogdanović,14.1,0.8,-2.1,0.0,2023-24
Bojan Bogdanović,10.1,0.2,-4.9,-0.4,2023-24
Julian Champagnie,10.6,1.8,-1.9,0.0,2023-24
Patrick Beverley,11.6,2.7,-1.1,0.3,2023-24
Patrick Beverley,11.7,1.7,-1.5,0.1,2023-24
Patrick Beverley,11.4,1.1,-0.4,0.2,2023-24
Amir Coffey,10.0,2.6,-2.2,-0.1,2023-24
Isaiah Joe,13.4,3.5,0.9,1.0,2023-24
Desmond Bane,18.5,3.1,2.8,1.7,2023-24
Vince Williams Jr.,12.8,2.8,-0.7,0.5,2023-24
Isaiah Stewart,11.3,1.7,-2.3,-0.1,2023-24
Moritz Wagner,20.6,5.6,2.0,1.4,2023-24
Tyler Herro,15.7,2.0,0.8,1.0,2023-24
Wendell Carter Jr.,15.9,4.4,0.9,1.0,2023-24
Onyeka Okongwu,16.9,4.5,-0.4,0.5,2023-24
Amen Thompson,18.2,4.3,1.8,1.3,2023-24
Haywood Highsmith,11.1,3.1,-0.7,0.5,2023-24
Dyson Daniels,12.0,2.9,0.6,0.9,2023-24
Andre Drummond,23.0,4.9,0.1,0.7,2023-24
Marcus Sasser,11.8,0.9,-2.6,-0.2,2023-24
Kris Murray,9.0,0.7,-3.6,-0.6,2023-24
Miles McBride,13.1,3.6,-0.1,0.6,2023-24
Jakob Poeltl,18.9,3.8,0.7,0.9,2023-24
Joel Embiid,34.1,7.5,11.6,4.5,2023-24
Jeff Green,11.3,2.6,-2.1,0.0,2023-24
Cameron Payne,12.8,2.4,-1.1,0.3,2023-24
Cameron Payne,12.6,1.6,-1.5,0.1,2023-24
Cameron Payne,13.0,0.8,-0.7,0.2,2023-24
Gary Harris,9.4,2.7,-1.2,0.3,2023-24
Dereck Lively II,18.1,4.9,0.5,0.8,2023-24
T.J. McConnell,20.9,3.9,3.0,1.6,2023-24
Aaron Holiday,11.5,2.5,-1.5,0.2,2023-24
Cedi Osman,11.2,1.9,-2.1,0.0,2023-24
Gradey Dick,8.9,0.3,-5.4,-1.1,2023-24
Naji Marshall,12.7,2.6,-0.7,0.4,2023-24
Kris Dunn,12.8,2.0,-0.1,0.6,2023-24
Gordon Hayward,12.8,1.5,-2.1,0.0,2023-24
Gordon Hayward,14.2,0.7,-1.8,0.0,2023-24
Gordon Hayward,10.3,0.8,-2.6,-0.1,2023-24
GG Jackson II,13.7,1.2,-2.0,0.0,2023-24
Aaron Wiggins,15.6,3.7,0.7,0.8,2023-24
Larry Nance Jr.,14.9,4.1,2.0,1.2,2023-24
Duop Reath,15.1,2.4,-0.9,0.3,2023-24
Alec Burks,12.9,1.4,-2.3,-0.1,2023-24
Alec Burks,15.1,1.7,-0.4,0.4,2023-24
Alec Burks,6.5,-0.4,-7.8,-0.5,2023-24
Kevon Looney,15.1,4.0,0.6,0.8,2023-24
David Roddy,8.7,0.1,-5.0,-0.9,2023-24
David Roddy,8.7,0.1,-5.0,-0.8,2023-24
David Roddy,7.9,0.0,-5.8,-0.1,2023-24
Vasilije Micić,10.7,0.4,-4.6,-0.8,2023-24
Vasilije Micić,8.0,0.2,-5.3,-0.3,2023-24
Vasilije Micić,11.9,0.2,-4.4,-0.5,2023-24
Patrick Williams,11.0,1.2,-2.3,-0.1,2023-24
John Konchar,11.4,2.2,-0.4,0.5,2023-24
Drew Eubanks,14.4,3.1,-1.2,0.2,2023-24
Joe Ingles,10.6,2.6,-0.5,0.5,2023-24
Anthony Black,8.4,1.6,-3.0,-0.3,2023-24
Jordan Hawkins,10.2,1.3,-3.1,-0.3,2023-24
Trey Lyles,11.9,2.4,-1.1,0.3,2023-24
Moses Moody,13.7,2.4,-0.1,0.6,2023-24
Jae Crowder,8.9,1.6,-2.6,-0.2,2023-24
Trayce Jackson-Davis,21.6,4.8,2.8,1.4,2023-24
Malcolm Brogdon,17.0,2.6,2.0,1.1,2023-24
Dean Wade,10.2,2.5,0.1,0.6,2023-24
Josh Richardson,11.4,2.1,-1.3,0.2,2023-24
Davion Mitchell,9.3,1.3,-3.4,-0.4,2023-24
Dario Šarić,15.3,2.8,1.0,0.9,2023-24
James Wiseman,14.8,2.1,-3.5,-0.4,2023-24
Dante Exum,13.7,2.9,-0.6,0.4,2023-24
Sam Merrill,13.1,2.8,0.5,0.7,2023-24
Dennis Smith Jr.,13.4,1.8,-0.8,0.3,2023-24
Shaedon Sharpe,11.4,0.5,-2.8,-0.2,2023-24
Jordan Goodwin,12.6,1.2,-1.0,0.3,2023-24
Jordan Goodwin,12.5,0.8,-0.9,0.2,2023-24
Jordan Goodwin,12.7,0.4,-1.2,0.1,2023-24
Marvin Bagley III,19.4,2.7,-0.4,0.4,2023-24
Marvin Bagley III,18.2,1.1,-1.2,0.1,2023-24
Marvin Bagley III,20.5,1.6,0.3,0.3,2023-24
Torrey Craig,10.8,1.9,-2.0,0.0,2023-24
Jalen Smith,20.7,4.0,2.4,1.2,2023-24
Dalano Banton,13.3,0.5,-1.3,0.2,2023-24
Dalano Banton,9.9,0.2,-4.1,-0.1,2023-24
Dalano Banton,14.0,0.3,-0.8,0.3,2023-24
Ziaire Williams,9.3,0.2,-4.5,-0.6,2023-24
Jae'Sean Tate,9.3,1.8,-2.3,-0.1,2023-24
Kenrich Williams,11.9,2.5,-0.8,0.3,2023-24
Jose Alvarado,12.5,2.1,-0.1,0.5,2023-24
Quentin Grimes,8.9,1.3,-2.2,-0.1,2023-24
Quentin Grimes,9.5,1.5,-1.5,0.1,2023-24
Quentin Grimes,3.9,-0.3,-8.1,-0.2,2023-24
De'Anthony Melton,13.4,2.1,0.5,0.7,2023-24
Daniel Theis,14.4,2.5,-1.6,0.1,2023-24
Daniel Theis,-6.9,0.0,-20.5,0.0,2023-24
Daniel Theis,14.5,2.6,-1.5,0.1,2023-24
Lonnie Walker IV,13.1,0.8,-1.4,0.2,2023-24
Talen Horton-Tucker,13.4,0.8,-1.2,0.2,2023-24
Killian Hayes,10.5,0.7,-2.7,-0.2,2023-24
Jevon Carter,8.5,0.2,-4.0,-0.5,2023-24
Luke Kennard,13.1,2.1,-0.3,0.4,2023-24
Garrison Mathews,8.9,1.6,-3.0,-0.2,2023-24
Jaden Hardy,11.2,0.3,-4.1,-0.5,2023-24
Tre Mann,13.7,1.2,-1.3,0.2,2023-24
Tre Mann,14.2,0.3,0.1,0.1,2023-24
Tre Mann,13.7,0.9,-1.5,0.1,2023-24
Cam Reddish,7.7,0.6,-3.2,-0.3,2023-24
Luke Kornet,19.8,5.1,3.4,1.3,2023-24
Keon Ellis,12.0,2.3,1.2,0.8,2023-24
Xavier Tillman Sr.,12.2,1.4,-1.2,0.2,2023-24
Xavier Tillman Sr.,11.8,0.6,-1.7,0.1,2023-24
Xavier Tillman Sr.,13.3,0.8,0.0,0.1,2023-24
Josh Okogie,12.0,2.1,-0.5,0.4,2023-24
Goga Bitadze,17.8,3.7,2.1,1.0,2023-24
Max Christie,8.4,0.7,-3.6,-0.4,2023-24
Kevin Love,18.5,3.3,3.6,1.3,2023-24
Day'Ron Sharpe,20.0,2.9,0.0,0.5,2023-24
Jonathan Isaac,19.2,3.6,3.8,1.4,2023-24
Markelle Fultz,12.6,1.3,-1.4,0.1,2023-24
Doug McDermott,9.1,0.9,-3.4,-0.3,2023-24
Doug McDermott,9.5,0.8,-2.9,-0.2,2023-24
Doug McDermott,7.7,0.1,-5.1,-0.2,2023-24
Jaylin Williams,12.7,2.4,1.1,0.7,2023-24
Nikola Jović,12.8,1.9,0.3,0.5,2023-24
Bryce McGowens,9.3,0.6,-4.9,-0.6,2023-24
Cam Whitmore,16.6,1.5,0.1,0.5,2023-24
Jaxson Hayes,14.0,2.5,-1.9,0.0,2023-24
Blake Wesley,10.1,0.9,-4.0,-0.4,2023-24
Malachi Flynn,11.9,0.5,-2.2,0.0,2023-24
Malachi Flynn,10.1,0.2,-2.7,-0.1,2023-24
Malachi Flynn,12.5,0.1,-2.6,0.0,2023-24
Malachi Flynn,14.4,0.2,-1.3,0.1,2023-24
Christian Wood,12.3,1.2,-2.8,-0.2,2023-24
Zach LaVine,15.1,1.5,0.1,0.5,2023-24
Maxi Kleber,8.8,1.4,-1.3,0.2,2023-24
Justin Holiday,9.7,1.8,-1.6,0.1,2023-24
Chimezie Metu,13.3,1.5,-1.3,0.2,2023-24
Chimezie Metu,13.9,1.0,-1.3,0.1,2023-24
Chimezie Metu,12.6,0.5,-1.3,0.1,2023-24
Trendon Watford,15.7,1.8,-0.5,0.3,2023-24
Taylor Hendricks,11.8,1.2,-1.6,0.1,2023-24
Dwight Powell,14.5,3.1,-0.3,0.4,2023-24
Troy Brown Jr.,8.8,0.8,-2.6,-0.1,2023-24
Troy Brown Jr.,11.6,1.0,0.4,0.2,2023-24
Troy Brown Jr.,5.9,-0.2,-5.5,-0.4,2023-24
Marcus Morris,9.9,1.0,-3.8,-0.4,2023-24
Marcus Morris,10.5,1.0,-3.4,-0.2,2023-24
Marcus Morris,8.0,0.1,-5.1,-0.1,2023-24
Caleb Houstan,8.3,1.5,-1.9,0.0,2023-24
Ben Sheppard,8.1,0.8,-3.4,-0.3,2023-24
Jake LaRavia,12.6,1.0,-2.5,-0.1,2023-24
Bismack Biyombo,9.9,1.1,-3.4,-0.3,2023-24
Bismack Biyombo,10.0,1.0,-3.2,-0.2,2023-24
Bismack Biyombo,8.9,0.1,-5.2,-0.1,2023-24
JT Thor,9.1,0.6,-4.5,-0.5,2023-24
Isaiah Jackson,21.5,3.3,1.7,0.7,2023-24
Mitchell Robinson,16.1,2.5,0.0,0.4,2023-24
Jock Landale,15.6,2.3,-0.1,0.4,2023-24
Cody Martin,9.2,-0.2,-3.5,-0.3,2023-24
KJ Martin,9.9,1.1,-4.1,-0.4,2023-24
KJ Martin,6.9,0.0,-6.1,0.0,2023-24
KJ Martin,10.0,1.1,-4.0,-0.4,2023-24
Delon Wright,13.6,1.7,0.4,0.5,2023-24
Delon Wright,14.1,0.9,0.5,0.3,2023-24
Delon Wright,12.9,0.8,0.3,0.2,2023-24
Ish Smith,6.8,-0.4,-6.8,-0.9,2023-24
Mo Bamba,15.4,2.0,-1.0,0.2,2023-24
Nick Smith Jr.,8.1,-0.5,-5.9,-0.7,2023-24
Landry Shamet,10.5,0.3,-4.0,-0.4,2023-24
Chris Duarte,8.4,0.7,-3.4,-0.2,2023-24
Jordan Nwora,13.7,0.5,-2.5,-0.1,2023-24
Jordan Nwora,12.2,0.1,-4.0,-0.1,2023-24
Jordan Nwora,14.2,0.4,-2.0,0.0,2023-24
LaMelo Ball,20.8,1.1,3.3,1.0,2023-24
Chris Boucher,16.0,1.7,-1.7,0.1,2023-24
Jacob Gilyard,11.1,1.4,-1.4,0.1,2023-24
Jacob Gilyard,11.6,1.4,-1.3,0.1,2023-24
Jacob Gilyard,4.5,0.0,-2.2,0.0,2023-24
Bruno Fernando,15.2,1.5,-2.3,-0.1,2023-24
Dalen Terry,10.2,0.8,-2.3,0.0,2023-24
Gary Payton II,13.9,1.8,0.9,0.5,2023-24
Mason Plumlee,15.8,2.0,-0.8,0.2,2023-24
Dāvis Bertāns,11.6,0.9,-1.4,0.1,2023-24
Dāvis Bertāns,17.3,0.4,4.0,0.1,2023-24
Dāvis Bertāns,10.7,0.4,-2.3,0.0,2023-24
Keita Bates-Diop,11.5,1.3,-1.0,0.2,2023-24
Keita Bates-Diop,11.3,1.1,-1.2,0.1,2023-24
Keita Bates-Diop,13.4,0.2,0.2,0.0,2023-24
Jalen Wilson,10.8,1.1,-2.9,-0.2,2023-24
Craig Porter Jr.,15.4,1.5,0.5,0.4,2023-24
Rayan Rupert,5.8,-0.1,-6.7,-0.8,2023-24
Oshae Brissett,12.8,1.7,-1.8,0.0,2023-24
Danilo Gallinari,13.4,1.3,-1.9,0.0,2023-24
Danilo Gallinari,13.4,0.6,-2.6,-0.1,2023-24
Danilo Gallinari,23.3,0.6,6.9,0.2,2023-24
Danilo Gallinari,7.7,0.1,-5.2,-0.1,2023-24
Jordan McLaughlin,15.5,2.5,4.2,1.0,2023-24
Seth Curry,9.9,0.5,-3.3,-0.2,2023-24
Seth Curry,8.6,0.3,-4.0,-0.2,2023-24
Seth Curry,13.5,0.2,-1.1,0.0,2023-24
A.J. Green,10.5,1.1,-2.1,0.0,2023-24
Johnny Davis,6.2,-0.1,-6.6,-0.7,2023-24
MarJon Beauchamp,9.7,0.7,-3.2,-0.2,2023-24
Marcus Smart,11.8,0.2,-2.4,0.0,2023-24
Mike Muscala,7.5,0.1,-5.3,-0.5,2023-24
Mike Muscala,7.6,0.0,-6.2,-0.4,2023-24
Mike Muscala,8.9,0.2,-2.2,0.0,2023-24
Mike Muscala,4.3,0.0,-8.0,-0.1,2023-24
Jericho Sims,10.9,1.5,-1.8,0.0,2023-24
Brice Sensabaugh,8.6,-0.3,-5.5,-0.5,2023-24
Jarred Vanderbilt,11.6,1.1,-1.6,0.0,2023-24
Shake Milton,9.2,0.6,-3.7,-0.3,2023-24
Shake Milton,8.3,0.4,-4.2,-0.3,2023-24
Shake Milton,14.6,0.1,0.3,0.0,2023-24
Shake Milton,13.8,0.1,-3.5,0.0,2023-24
Evan Fournier,8.5,-0.1,-4.3,-0.3,2023-24
Evan Fournier,2.2,-0.1,-11.3,-0.1,2023-24
Evan Fournier,8.9,0.0,-3.8,-0.3,2023-24
Zeke Nnaji,12.4,1.2,-3.7,-0.2,2023-24
Trey Jemison,11.8,0.9,-5.1,-0.5,2023-24
Trey Jemison,-36.1,0.0,-33.9,0.0,2023-24
Trey Jemison,11.9,0.9,-5.1,-0.4,2023-24
Andre Jackson Jr.,8.5,1.0,-3.6,-0.2,2023-24
Jared Butler,14.1,0.6,-2.1,0.0,2023-24
Kevin Knox,9.9,0.4,-4.6,-0.4,2023-24
Lamar Stevens,14.6,0.8,-2.2,0.0,2023-24
Lamar Stevens,14.5,0.2,-2.0,0.0,2023-24
Lamar Stevens,14.7,0.6,-2.3,0.0,2023-24
Richaun Holmes,14.5,1.3,-3.3,-0.2,2023-24
Richaun Holmes,13.9,0.6,-3.0,-0.1,2023-24
Richaun Holmes,14.9,0.7,-3.4,-0.1,2023-24
Tristan Thompson,13.9,1.4,-1.4,0.1,2023-24
Julian Strawther,8.2,0.2,-6.0,-0.6,2023-24
Omer Yurtseven,15.0,0.7,-3.0,-0.1,2023-24
Vit Krejci,8.4,0.6,-3.7,-0.2,2023-24
Bones Hyland,10.8,0.0,-3.6,-0.2,2023-24
Jalen McDaniels,5.0,-0.8,-9.0,-1.0,2023-24
Scotty Pippen Jr.,16.4,1.0,1.3,0.4,2023-24
Sasha Vezenkov,13.3,1.0,-0.9,0.1,2023-24
Danuel House Jr.,8.5,0.7,-4.0,-0.3,2023-24
Mark Williams,22.5,2.1,0.8,0.3,2023-24
Jaden Springer,10.7,0.6,-3.4,-0.2,2023-24
Jaden Springer,10.6,0.3,-3.4,-0.1,2023-24
Jaden Springer,10.9,0.2,-3.2,0.0,2023-24
Patrick Baldwin Jr.,9.7,0.2,-4.6,-0.3,2023-24
Robert Covington,13.6,1.5,2.2,0.5,2023-24
Robert Covington,10.6,0.2,2.3,0.1,2023-24
Robert Covington,14.1,1.3,2.2,0.4,2023-24
P.J. Tucker,5.9,0.7,-3.6,-0.2,2023-24
P.J. Tucker,4.7,0.1,-4.0,0.0,2023-24
P.J. Tucker,6.1,0.6,-3.5,-0.2,2023-24
Tari Eason,17.1,1.3,1.6,0.4,2023-24
Monte Morris,13.2,1.2,0.7,0.3,2023-24
Monte Morris,8.5,-0.1,-6.9,-0.1,2023-24
Monte Morris,13.9,1.3,2.0,0.4,2023-24
Bol Bol,18.7,1.6,2.1,0.5,2023-24
Isaiah Livers,5.1,-0.1,-6.5,-0.5,2023-24
Anthony Gill,12.1,0.4,-4.1,-0.3,2023-24
Yuta Watanabe,4.7,-0.1,-6.4,-0.5,2023-24
Yuta Watanabe,5.4,0.0,-6.0,-0.4,2023-24
Yuta Watanabe,1.5,-0.1,-8.6,-0.1,2023-24
Nassir Little,9.9,0.7,-3.0,-0.1,2023-24
Sandro Mamukelashvili,15.8,1.0,-0.5,0.2,2023-24
Alex Len,14.7,1.3,0.2,0.2,2023-24
Thomas Bryant,19.0,1.6,-0.4,0.2,2023-24
Thaddeus Young,15.9,1.3,0.3,0.2,2023-24
Thaddeus Young,16.0,1.0,0.6,0.2,2023-24
Thaddeus Young,15.1,0.3,-0.9,0.0,2023-24
Skylar Mays,12.0,0.4,-2.0,0.0,2023-24
Skylar Mays,11.9,0.3,-2.3,0.0,2023-24
Skylar Mays,12.3,0.1,-0.6,0.0,2023-24
Chuma Okeke,6.9,0.3,-3.4,-0.2,2023-24
Dominick Barlow,14.6,1.1,-1.7,0.0,2023-24
Reggie Bullock,7.7,0.6,-2.4,0.0,2023-24
Patty Mills,7.2,0.1,-4.6,-0.3,2023-24
Patty Mills,6.6,0.0,-3.8,-0.1,2023-24
Patty Mills,7.9,0.0,-5.3,-0.2,2023-24
Trent Forrest,8.9,0.2,-4.4,-0.3,2023-24
Svi Mykhailiuk,11.7,0.9,-1.8,0.0,2023-24
Wesley Matthews,8.2,0.4,-2.8,-0.1,2023-24
Aleksej Pokusevski,12.7,0.4,-1.9,0.0,2023-24
Aleksej Pokusevski,2.5,-0.1,-9.9,-0.1,2023-24
Aleksej Pokusevski,14.5,0.5,-0.5,0.1,2023-24
Luka Šamanić,8.9,-0.2,-7.8,-0.6,2023-24
Javon Freeman-Liberty,10.7,0.2,-5.2,-0.3,2023-24
Derrick Rose,13.1,0.4,-2.8,-0.1,2023-24
DeAndre Jordan,16.0,1.2,-1.7,0.0,2023-24
Kobe Brown,7.6,0.5,-3.8,-0.2,2023-24
Lester Quiñones,10.3,0.6,-3.3,-0.1,2023-24
Eugene Omoruyi,16.0,0.6,-2.3,0.0,2023-24
Matt Ryan,9.0,0.5,-2.7,-0.1,2023-24
Justin Minaya,5.8,0.1,-5.6,-0.3,2023-24
Johnny Juzang,9.6,0.4,-3.7,-0.2,2023-24
Noah Clowney,14.2,0.9,-0.7,0.1,2023-24
Tosan Evbuomwan,9.9,0.5,-3.0,-0.1,2023-24
Tosan Evbuomwan,5.7,0.0,-6.4,-0.1,2023-24
Tosan Evbuomwan,10.9,0.5,-2.2,0.0,2023-24
Ousmane Dieng,10.1,0.4,-3.0,-0.1,2023-24
Jontay Porter,14.9,0.7,1.7,0.3,2023-24
Ben Simmons,16.3,1.0,2.4,0.4,2023-24
Brandon Boston Jr.,8.7,-0.3,-9.0,-0.6,2023-24
Jarace Walker,11.8,0.4,0.2,0.2,2023-24
JaVale McGee,19.0,0.7,-1.3,0.1,2023-24
Olivier-Maxence Prosper,11.6,0.5,-2.9,-0.1,2023-24
Jeremiah Robinson-Earl,11.8,0.6,-2.2,0.0,2023-24
Neemias Queta,22.9,1.8,1.5,0.3,2023-24
Julian Phillips,7.0,0.2,-5.3,-0.3,2023-24
Cody Zeller,12.8,0.8,-2.6,0.0,2023-24
Ja Morant,20.6,0.8,3.1,0.4,2023-24
Ashton Hagans,8.5,0.0,-3.5,-0.1,2023-24
Devonte' Graham,9.4,0.1,-3.9,-0.1,2023-24
A.J. Lawson,11.2,0.2,-4.6,-0.2,2023-24
Nathan Mensah,5.0,0.1,-8.8,-0.5,2023-24
Stanley Umude,11.4,0.5,-1.6,0.0,2023-24
Orlando Robinson,14.0,0.9,-1.1,0.1,2023-24
Furkan Korkmaz,9.2,0.4,-2.7,-0.1,2023-24
Cory Joseph,6.2,0.2,-4.7,-0.2,2023-24
Ricky Council IV,18.6,1.0,1.3,0.2,2023-24
Garrett Temple,9.5,0.2,-4.7,-0.2,2023-24
Leaky Black,11.5,0.5,-2.4,0.0,2023-24
Lindy Waters III,15.3,0.9,1.9,0.3,2023-24
Kessler Edwards,10.3,0.5,-1.5,0.0,2023-24
Damian Jones,15.8,0.8,-0.5,0.1,2023-24
Onuralp Bitim,5.0,-0.1,-7.4,-0.4,2023-24
Kira Lewis Jr.,8.6,0.0,-5.8,-0.3,2023-24
Kira Lewis Jr.,5.7,-0.1,-7.5,-0.2,2023-24
Kira Lewis Jr.,-7.3,0.0,-22.3,0.0,2023-24
Kira Lewis Jr.,12.3,0.1,-3.5,0.0,2023-24
Jamal Cain,11.5,0.5,-2.3,0.0,2023-24
Jared Rhoden,10.3,0.3,-2.5,0.0,2023-24
Justin Champagnie,13.6,0.3,-1.8,0.0,2023-24
Javonte Green,20.2,0.9,2.0,0.2,2023-24
Ibou Badji,8.1,0.2,-5.8,-0.2,2023-24
Collin Gillespie,11.0,0.4,-2.7,0.0,2023-24
Gabe Vincent,3.1,-0.1,-6.5,-0.2,2023-24
Markieff Morris,6.6,-0.1,-5.3,-0.2,2023-24
Jaylen Nowell,9.2,0.1,-5.4,-0.2,2023-24
Jaylen Nowell,6.7,0.0,-7.4,-0.2,2023-24
Jaylen Nowell,15.9,0.1,-0.1,0.0,2023-24
Théo Maledon,3.2,-0.5,-10.3,-0.5,2023-24
Théo Maledon,3.9,-0.5,-9.5,-0.4,2023-24
Théo Maledon,-8.0,-0.1,-23.7,-0.1,2023-24
Charles Bassey,17.7,0.7,1.3,0.2,2023-24
Taj Gibson,5.9,0.2,-5.3,-0.2,2023-24
Taj Gibson,3.2,0.1,-6.9,-0.2,2023-24
Taj Gibson,17.6,0.1,1.7,0.0,2023-24
Moses Brown,14.5,0.2,-6.5,-0.2,2023-24
Kenneth Lofton Jr.,14.7,0.3,-0.3,0.1,2023-24
Kenneth Lofton Jr.,8.4,0.0,-4.5,-0.1,2023-24
Kenneth Lofton Jr.,-20.0,-0.1,-32.6,-0.1,2023-24
Kenneth Lofton Jr.,25.0,0.4,7.5,0.2,2023-24
Kobe Bufkin,9.1,-0.1,-4.5,-0.1,2023-24
Colby Jones,8.9,0.0,-5.0,-0.1,2023-24
Gui Santos,15.6,0.7,-0.5,0.1,2023-24
Terry Taylor,10.1,0.3,-3.2,0.0,2023-24
Micah Potter,11.0,0.3,-2.3,0.0,2023-24
Saben Lee,13.5,0.4,-1.4,0.0,2023-24
Otto Porter Jr.,8.7,0.3,-3.2,-0.1,2023-24
AJ Griffin,1.2,-0.4,-9.6,-0.3,2023-24
Joe Harris,4.6,0.0,-5.9,-0.2,2023-24
Trevelin Queen,8.3,0.2,-3.4,-0.1,2023-24
Zavier Simpson,6.3,-0.2,-5.9,-0.2,2023-24
Thanasis Antetokounmpo,5.5,0.0,-6.4,-0.2,2023-24
Tristan Vukcevic,13.9,0.1,-3.6,-0.1,2023-24
Darius Bazley,13.9,0.3,-0.4,0.1,2023-24
Darius Bazley,-1.6,0.0,-8.4,0.0,2023-24
Darius Bazley,14.9,0.3,0.2,0.1,2023-24
DeJon Jarreau,9.6,0.0,-4.0,-0.1,2023-24
Jules Bernard,12.7,0.1,-3.0,0.0,2023-24
Jeff Dowtin,18.2,0.6,3.3,0.2,2023-24
Sidy Cissoko,12.0,0.3,-2.7,0.0,2023-24
Brandon Clarke,18.9,0.3,1.0,0.1,2023-24
Emoni Bates,2.6,-0.3,-9.2,-0.2,2023-24
Dru Smith,12.8,0.3,1.4,0.1,2023-24
Jeenathan Williams,15.6,0.3,-1.6,0.0,2023-24
T.J. Warren,9.2,0.2,-4.5,-0.1,2023-24
Timmy Allen,0.8,-0.1,-11.1,-0.3,2023-24
Jalen Pickett,9.7,0.2,-3.3,0.0,2023-24
Luka Garza,21.8,0.4,-2.1,0.0,2023-24
Mãozinha Pereira,15.7,0.3,-0.5,0.0,2023-24
Jahmi'us Ramsey,10.6,0.1,-4.4,-0.1,2023-24
Marques Bolden,16.0,0.3,-2.7,0.0,2023-24
Marques Bolden,3.0,0.0,-5.5,0.0,2023-24
Marques Bolden,16.4,0.3,-2.6,0.0,2023-24
Mouhamadou Gueye,4.6,-0.4,-11.9,-0.3,2023-24
Xavier Moon,8.1,-0.1,-6.1,-0.1,2023-24
Robert Williams,17.2,0.4,0.7,0.1,2023-24
Brandon Williams,9.3,-0.1,-5.5,-0.1,2023-24
Udoka Azubuike,12.3,0.2,-3.2,0.0,2023-24
Matthew Hurt,8.4,0.1,-3.7,-0.1,2023-24
Jalen Hood-Schifino,-1.5,-0.5,-16.1,-0.4,2023-24
Dylan Windler,14.2,0.3,0.7,0.1,2023-24
Dylan Windler,15.5,0.0,7.4,0.0,2023-24
Dylan Windler,15.9,0.1,3.2,0.0,2023-24
Dylan Windler,13.4,0.2,-0.9,0.0,2023-24
Malik Williams,4.9,-0.2,-11.5,-0.3,2023-24
Armoni Brooks,8.3,0.0,-5.8,-0.1,2023-24
Maxwell Lewis,-3.9,-0.4,-13.5,-0.3,2023-24
Harry Giles,14.8,0.1,-4.8,-0.1,2023-24
Harry Giles,18.5,0.1,-2.8,0.0,2023-24
Harry Giles,-1.0,-0.1,-12.9,-0.1,2023-24
Olivier Sarr,14.8,0.4,-2.6,0.0,2023-24
Jamaree Bouyea,1.5,-0.3,-12.3,-0.2,2023-24
Jamaree Bouyea,-4.8,-0.4,-17.8,-0.2,2023-24
Jamaree Bouyea,11.1,0.1,-3.9,0.0,2023-24
Josh Minott,20.4,0.4,5.1,0.2,2023-24
Chris Livingston,6.9,0.1,-8.0,-0.1,2023-24
Cole Swider,7.1,-0.1,-4.5,-0.1,2023-24
Admiral Schofield,6.0,0.0,-4.9,-0.1,2023-24
Terquavion Smith,14.8,0.1,0.8,0.1,2023-24
Buddy Boeheim,9.1,0.1,-3.5,0.0,2023-24
Jordan Walsh,8.4,0.2,-3.8,0.0,2023-24
Jerome Robinson,5.7,-0.1,-8.3,-0.1,2023-24
James Bouknight,15.9,0.1,2.2,0.1,2023-24
Wenyen Gabriel,2.3,-0.2,-12.5,-0.2,2023-24
Ryan Rollins,22.0,0.3,5.7,0.2,2023-24
Ryan Rollins,22.7,0.2,5.0,0.1,2023-24
Ryan Rollins,18.5,0.0,9.2,0.0,2023-24
R.J. Hampton,0.9,-0.1,-9.5,-0.1,2023-24
Wendell Moore Jr.,8.6,0.1,-2.8,0.0,2023-24
Nate Hinton,17.6,0.3,3.6,0.1,2023-24
Mouhamed Gueye,15.0,0.2,-1.5,0.0,2023-24
Isaiah Mobley,8.1,0.0,-6.6,-0.1,2023-24
Boban Marjanović,21.1,0.2,-0.3,0.0,2023-24
Jason Preston,10.5,0.0,-2.6,0.0,2023-24
Jett Howard,8.6,0.0,-1.8,0.0,2023-24
Kobi Simmons,14.5,0.1,-1.0,0.0,2023-24
Keyontae Johnson,1.6,-0.1,-9.8,-0.1,2023-24
Adama Sanogo,21.9,0.2,-6.7,-0.1,2023-24
Robin Lopez,6.6,0.0,-6.1,-0.1,2023-24
Amari Bailey,9.7,-0.1,-8.3,-0.1,2023-24
Moussa Diabaté,24.7,0.3,3.5,0.1,2023-24
Jack White,1.1,-0.1,-10.3,-0.1,2023-24
Kendall Brown,7.6,0.1,-6.8,-0.1,2023-24
Ish Wainright,8.9,0.0,-2.4,0.0,2023-24
Ish Wainright,10.2,0.1,-0.6,0.0,2023-24
Ish Wainright,5.2,0.0,-7.5,0.0,2023-24
Keon Johnson,13.1,0.1,-2.7,0.0,2023-24
Braxton Key,16.5,0.2,2.1,0.1,2023-24
Jermaine Samuels,15.1,0.2,0.8,0.0,2023-24
Colin Castleton,13.0,0.2,-5.2,0.0,2023-24
TyTy Washington Jr.,4.6,-0.1,-8.2,-0.1,2023-24
Dereon Seabron,9.2,0.1,-1.5,0.0,2023-24
Juan Toscano-Anderson,2.5,0.0,-9.4,-0.1,2023-24
Leonard Miller,27.0,0.3,9.6,0.2,2023-24
Seth Lundy,0.0,-0.1,-12.7,-0.1,2023-24
David Duke Jr.,16.2,0.1,1.4,0.0,2023-24
Daishen Nix,12.3,0.0,-1.4,0.0,2023-24
Jay Huff,18.5,0.2,1.3,0.0,2023-24
Hunter Tyson,6.0,0.0,-8.9,-0.1,2023-24
James Johnson,5.0,0.0,-5.8,0.0,2023-24
DaQuan Jeffries,3.1,-0.1,-8.1,-0.1,2023-24
Ryan Arcidiacono,-2.0,-0.1,-9.6,-0.1,2023-24
Frank Ntilikina,0.0,-0.1,-13.4,-0.1,2023-24
Oscar Tshiebwe,24.8,0.2,2.2,0.0,2023-24
D'Moi Hodge,6.1,0.0,-6.3,0.0,2023-24
Greg Brown III,10.5,0.0,-4.4,0.0,2023-24
Taze Moore,11.8,0.0,-3.1,0.0,2023-24
Alex Fudge,9.8,0.0,-5.2,0.0,2023-24
Alex Fudge,-1.9,-0.1,-18.1,-0.1,2023-24
Alex Fudge,16.2,0.1,1.7,0.0,2023-24
JD Davison,18.8,0.2,3.3,0.1,2023-24
RaiQuan Gray,22.7,0.2,7.4,0.1,2023-24
Jacob Toppin,14.3,0.1,-0.7,0.0,2023-24
Jalen Slawson,6.6,0.0,-6.4,0.0,2023-24
Charlie Brown Jr.,-3.2,-0.1,-13.6,-0.1,2023-24
D.J. Carton,9.6,0.0,-5.3,0.0,2023-24
Dexter Dennis,18.3,0.0,1.7,0.0,2023-24
Henri Drell,10.7,0.0,-4.9,0.0,2023-24
Jordan Miller,14.1,0.1,-3.8,0.0,2023-24
Mason Jones,5.8,0.0,-5.5,0.0,2023-24
Pete Nance,-3.9,-0.1,-15.2,-0.1,2023-24
Pat Spencer,9.4,0.0,-6.4,0.0,2023-24
Dariq Whitehead,4.9,0.0,-7.9,0.0,2023-24
Mamadi Diakite,18.6,0.1,3.5,0.0,2023-24
Mamadi Diakite,30.4,0.1,11.6,0.1,2023-24
Mamadi Diakite,-5.2,0.0,-12.7,0.0,2023-24
E.J. Liddell,4.3,0.0,-4.7,0.0,2023-24
Drew Peterson,18.5,0.1,5.3,0.0,2023-24
Jordan Ford,16.8,0.1,2.2,0.0,2023-24
Isaiah Thomas,6.7,0.0,-6.9,0.0,2023-24
Usman Garuba,7.0,0.0,-10.9,0.0,2023-24
Danny Green,0.7,0.0,-6.6,0.0,2023-24
Alondes Williams,-7.9,-0.1,-23.2,-0.1,2023-24
Ty Jerome,7.6,0.0,-4.9,0.0,2023-24
D.J. Wilson,31.6,0.1,22.4,0.1,2023-24
Adam Flagler,0.6,0.0,-10.6,0.0,2023-24
Andrew Funk,-5.0,-0.1,-14.4,0.0,2023-24
Quenton Jackson,16.1,0.0,3.3,0.0,2023-24
Joshua Primo,-12.8,-0.1,-25.0,-0.1,2023-24
Filip Petrušev,5.1,0.0,-8.0,0.0,2023-24
Filip Petrušev,4.0,0.0,-4.9,0.0,2023-24
Filip Petrušev,5.5,0.0,-9.3,0.0,2023-24
Lindell Wigginton,5.6,0.0,-23.9,0.0,2023-24
Kaiser Gates,-19.9,-0.1,-28.8,-0.1,2023-24
Shaquille Harrison,15.9,0.0,4.6,0.0,2023-24
Kevon Harris,11.1,0.0,-15.8,0.0,2023-24
Hamidou Diallo,33.2,0.0,18.7,0.0,2023-24
Ron Harper Jr.,0.0,0.0,-8.8,0.0,2023-24
Markquis Nowell,55.5,0.1,43.3,0.0,2023-24
Isaiah Wong,-1.1,0.0,-19.0,0.0,2023-24
Izaiah Brockington,26.6,0.0,-17.8,0.0,2023-24
Malcolm Cazalon,0.0,0.0,-9.1,0.0,2023-24
Jalen Crutcher,-12.6,0.0,-26.2,0.0,2023-24
Dmytro Skapintsev,-19.3,0.0,-25.9,0.0,2023-24
Justin Jackson,0.0,0.0,-7.5,0.0,2023-24
Javonte Smart,0.0,0.0,-8.3,0.0,2023-24
League Average,,,,,2023-24
Josh Hart,16.5,9.2,2.8,3.6,2024-25
Anthony Edwards,20.1,8.4,4.3,4.6,2024-25
Devin Booker,19.3,6.4,0.4,1.7,2024-25
James Harden,20.0,8.3,4.3,4.4,2024-25
DeMar DeRozan,17.7,7.1,-0.1,1.3,2024-25
Trae Young,18.3,5.7,0.5,1.7,2024-25
Tyler Herro,19.7,7.4,3.1,3.5,2024-25
OG Anunoby,15.4,6.5,0.7,1.9,2024-25
Jalen Green,15.1,5.1,0.5,1.7,2024-25
Christian Braun,16.0,8.0,0.3,1.6,2024-25
Bam Adebayo,18.9,7.5,2.0,2.7,2024-25
Ivica Zubac,22.3,11.7,3.1,3.4,2024-25
Jayson Tatum,21.7,9.5,5.2,4.8,2024-25
Jaden McDaniels,13.3,6.3,0.0,1.4,2024-25
Keegan Murray,12.0,4.4,-1.6,0.2,2024-25
Zach LaVine,17.3,5.1,0.7,1.8,2024-25
Zach LaVine,18.4,3.0,1.6,1.3,2024-25
Zach LaVine,15.9,2.1,-0.4,0.5,2024-25
Shai Gilgeous-Alexander,30.7,16.7,11.5,8.9,2024-25
Michael Porter Jr.,16.2,6.4,-0.1,1.2,2024-25
Derrick White,16.6,8.5,3.5,3.6,2024-25
Dyson Daniels,15.6,5.0,1.5,2.3,2024-25
Nikola Jokić,32.0,16.4,13.3,9.8,2024-25
Austin Reaves,18.1,7.6,1.9,2.6,2024-25
Toumani Camara,12.5,5.2,-0.1,1.2,2024-25
Pascal Siakam,19.2,7.5,1.7,2.4,2024-25
Brook Lopez,14.8,6.6,0.8,1.8,2024-25
Karl-Anthony Towns,23.4,10.1,3.6,3.5,2024-25
Bub Carrington,9.0,0.2,-4.6,-1.6,2024-25
Cade Cunningham,20.6,5.9,3.9,3.7,2024-25
Tyrese Haliburton,21.8,10.4,5.8,4.9,2024-25
Coby White,15.5,4.5,-0.9,0.7,2024-25
LeBron James,22.7,7.7,5.6,4.7,2024-25
Domantas Sabonis,22.9,10.1,5.2,4.4,2024-25
Jamal Murray,17.8,6.2,0.8,1.7,2024-25
Alperen Şengün,21.4,8.3,4.4,3.9,2024-25
Dillon Brooks,11.0,5.1,-1.4,0.4,2024-25
Rudy Gobert,18.3,10.1,1.9,2.4,2024-25
Tobias Harris,13.9,5.2,0.1,1.2,2024-25
Darius Garland,19.9,8.1,3.1,3.0,2024-25
Jalen Brunson,21.6,8.3,3.3,3.1,2024-25
Jarrett Allen,22.1,11.6,4.2,3.6,2024-25
Chris Paul,14.7,5.7,0.8,1.6,2024-25
Anfernee Simons,14.9,4.2,-0.1,1.1,2024-25
Giannis Antetokounmpo,30.5,11.5,9.5,6.6,2024-25
Malik Beasley,14.4,4.7,0.8,1.6,2024-25
Kentavious Caldwell-Pope,9.9,4.6,-1.4,0.3,2024-25
Nikola Vučević,20.3,7.3,2.6,2.7,2024-25
Payton Pritchard,17.6,8.6,3.5,3.2,2024-25
Kevin Durant,21.2,5.2,3.2,3.0,2024-25
Shaedon Sharpe,14.5,3.0,-1.3,0.4,2024-25
Stephen Curry,21.5,7.9,6.3,4.8,2024-25
De'Aaron Fox,18.3,4.3,0.4,1.3,2024-25
De'Aaron Fox,19.0,3.5,1.2,1.3,2024-25
De'Aaron Fox,16.3,0.9,-2.0,0.0,2024-25
Jalen Williams,20.3,7.8,4.0,3.4,2024-25
Donovan Mitchell,20.9,7.6,3.7,3.2,2024-25
Harrison Barnes,14.9,5.6,0.0,1.2,2024-25
Julius Randle,17.5,6.2,1.3,1.8,2024-25
Amen Thompson,18.7,8.0,4.1,3.4,2024-25
Jaren Jackson Jr.,19.6,6.4,2.3,2.4,2024-25
Desmond Bane,17.9,6.5,3.2,2.9,2024-25
Naz Reid,15.8,5.7,1.6,2.0,2024-25
Tyus Jones,14.5,4.4,0.1,1.1,2024-25
Myles Turner,16.1,4.7,0.4,1.3,2024-25
Evan Mobley,22.3,9.0,4.6,3.6,2024-25
Taurean Prince,9.8,3.5,-1.7,0.1,2024-25
Stephon Castle,13.7,1.1,-3.2,-0.6,2024-25
Deni Avdija,17.7,5.6,2.1,2.2,2024-25
Jaylen Brown,17.8,5.2,0.0,1.1,2024-25
Tim Hardaway Jr.,9.8,3.5,-2.1,0.0,2024-25
Bennedict Mathurin,13.6,3.0,-2.9,-0.5,2024-25
Spencer Dinwiddie,13.0,3.7,-1.6,0.2,2024-25
Scottie Barnes,17.8,3.5,2.4,2.3,2024-25
Max Christie,10.4,2.7,-2.5,-0.3,2024-25
Max Christie,10.6,2.0,-1.8,0.0,2024-25
Max Christie,10.2,0.7,-3.4,-0.3,2024-25
Josh Giddey,18.1,5.3,3.0,2.7,2024-25
Fred VanVleet,12.8,5.2,0.9,1.5,2024-25
Keyonte George,12.9,1.1,-2.7,-0.3,2024-25
Dennis Schröder,12.7,3.2,-2.2,-0.1,2024-25
Dennis Schröder,16.0,1.6,0.0,0.4,2024-25
Dennis Schröder,8.4,0.2,-5.2,-0.5,2024-25
Dennis Schröder,12.9,1.5,-2.1,0.0,2024-25
Damian Lillard,21.3,7.6,4.0,3.2,2024-25
Russell Westbrook,14.3,1.9,-1.1,0.5,2024-25
Kelly Oubre Jr.,13.5,2.6,-2.3,-0.1,2024-25
Nickeil Alexander-Walker,11.6,4.3,-0.4,0.8,2024-25
Luguentz Dort,11.3,5.6,0.2,1.2,2024-25
Onyeka Okongwu,19.0,7.2,1.3,1.7,2024-25
Malik Monk,15.0,2.8,-0.8,0.6,2024-25
Jaylen Wells,10.5,3.5,-2.2,-0.1,2024-25
Jalen Duren,21.4,9.2,3.1,2.7,2024-25
Jalen Wilson,9.5,1.9,-3.9,-1.0,2024-25
Miles Bridges,17.7,3.2,1.8,2.0,2024-25
Davion Mitchell,10.2,3.0,-2.6,-0.3,2024-25
Davion Mitchell,7.9,0.7,-4.3,-0.6,2024-25
Davion Mitchell,12.9,2.3,-0.6,0.3,2024-25
Franz Wagner,20.1,5.6,3.1,2.6,2024-25
Quentin Grimes,15.9,3.4,0.4,1.2,2024-25
Quentin Grimes,13.3,1.7,-0.3,0.5,2024-25
Quentin Grimes,18.8,1.6,1.2,0.8,2024-25
Jordan Poole,16.6,2.0,0.4,1.2,2024-25
Draymond Green,12.4,3.7,0.5,1.3,2024-25
Devin Vassell,14.2,2.2,-1.1,0.4,2024-25
Klay Thompson,12.9,1.8,-1.0,0.5,2024-25
Tyrese Maxey,19.5,3.8,2.0,2.0,2024-25
Norman Powell,17.5,5.3,1.5,1.8,2024-25
Yves Missi,15.4,3.6,-3.0,-0.5,2024-25
Keon Ellis,13.5,5.0,1.9,1.9,2024-25
Bilal Coulibaly,10.8,0.3,-3.7,-0.8,2024-25
Kyle Kuzma,10.6,-0.9,-4.9,-1.4,2024-25
Kyle Kuzma,10.6,-1.3,-5.2,-0.7,2024-25
Kyle Kuzma,10.5,0.3,-4.7,-0.7,2024-25
Julian Champagnie,12.2,2.5,-1.3,0.4,2024-25
Keon Johnson,10.4,0.5,-3.3,-0.6,2024-25
Naji Marshall,15.1,3.5,-0.8,0.6,2024-25
Jrue Holiday,13.5,5.1,0.7,1.3,2024-25
Guerschon Yabusele,14.7,3.9,-1.0,0.5,2024-25
Gary Trent Jr.,11.7,3.3,-1.6,0.2,2024-25
Anthony Black,11.6,2.4,-1.9,0.0,2024-25
Josh Green,7.8,1.5,-4.3,-1.1,2024-25
Nic Claxton,16.5,4.3,0.4,1.1,2024-25
Andrew Nembhard,11.7,2.8,-2.3,-0.1,2024-25
Cason Wallace,12.3,5.2,1.0,1.5,2024-25
Derrick Jones Jr.,13.5,4.7,-0.3,0.8,2024-25
Rui Hachimura,13.6,4.3,-0.7,0.6,2024-25
RJ Barrett,16.5,2.4,0.6,1.2,2024-25
Buddy Hield,12.3,2.8,-1.0,0.5,2024-25
Trey Murphy III,17.3,3.5,0.8,1.3,2024-25
Zaccharie Risacher,12.2,1.8,-3.5,-0.7,2024-25
Andrew Wiggins,16.4,4.0,0.9,1.4,2024-25
Andrew Wiggins,16.4,3.2,1.0,1.0,2024-25
Andrew Wiggins,16.4,0.8,0.7,0.4,2024-25
Isaiah Collier,9.7,-0.8,-5.3,-1.6,2024-25
Keldon Johnson,15.6,3.2,-1.6,0.2,2024-25
Royce O'Neale,12.6,2.8,0.1,1.0,2024-25
P.J. Washington,14.0,2.4,-0.9,0.5,2024-25
CJ McCollum,15.8,1.5,-1.4,0.3,2024-25
Haywood Highsmith,9.9,3.3,-1.9,0.1,2024-25
Dorian Finney-Smith,10.1,2.9,-1.0,0.5,2024-25
Dorian Finney-Smith,12.2,1.1,0.0,0.3,2024-25
Dorian Finney-Smith,9.2,1.8,-1.5,0.2,2024-25
Alex Sarr,12.9,-0.3,-3.3,-0.6,2024-25
Kyrie Irving,19.9,4.6,3.4,2.5,2024-25
Kyshawn George,8.8,0.1,-4.1,-0.9,2024-25
Cameron Johnson,18.2,5.1,3.1,2.3,2024-25
Duncan Robinson,11.8,2.7,-1.7,0.1,2024-25
Kris Dunn,11.3,4.0,0.6,1.2,2024-25
Luka Dončić,24.1,5.9,6.7,3.9,2024-25
Luka Dončić,24.2,2.5,6.9,1.8,2024-25
Luka Dončić,23.9,3.4,6.5,2.1,2024-25
Scoot Henderson,12.5,1.8,-2.2,-0.1,2024-25
Wendell Carter Jr.,13.7,4.6,-1.2,0.3,2024-25
Collin Sexton,16.6,2.4,-0.6,0.6,2024-25
Mike Conley,13.3,5.2,1.2,1.4,2024-25
Amir Coffey,11.2,4.0,-1.7,0.1,2024-25
Jimmy Butler,22.4,8.7,4.9,3.0,2024-25
Jimmy Butler,22.8,3.7,4.8,1.3,2024-25
Jimmy Butler,22.2,4.9,5.0,1.7,2024-25
Aaron Wiggins,16.1,5.4,1.1,1.4,2024-25
Walker Kessler,20.0,5.4,1.8,1.7,2024-25
De'Andre Hunter,15.9,4.4,0.4,1.0,2024-25
De'Andre Hunter,15.8,2.2,-0.4,0.4,2024-25
De'Andre Hunter,16.2,2.2,1.6,0.6,2024-25
Ochai Agbaji,12.0,3.1,-0.7,0.5,2024-25
Brandin Podziemski,14.4,4.2,0.7,1.2,2024-25
Jabari Smith Jr.,12.6,4.2,-0.7,0.6,2024-25
Anthony Davis,26.3,6.7,5.4,3.2,2024-25
Anthony Davis,27.1,6.2,6.0,2.9,2024-25
Anthony Davis,21.7,0.5,2.5,0.3,2024-25
Bradley Beal,15.2,2.4,-1.1,0.4,2024-25
Georges Niang,11.2,2.9,-2.3,-0.1,2024-25
Georges Niang,11.1,2.2,-1.8,0.1,2024-25
Georges Niang,11.4,0.7,-3.1,-0.2,2024-25
Jakob Poeltl,20.0,5.5,2.0,1.7,2024-25
Scotty Pippen Jr.,15.8,4.7,1.9,1.7,2024-25
Kevin Huerter,11.3,1.9,-2.0,0.0,2024-25
Kevin Huerter,10.6,0.8,-2.3,-0.1,2024-25
Kevin Huerter,12.0,1.1,-1.5,0.1,2024-25
Santi Aldama,16.8,5.0,3.2,2.2,2024-25
A.J. Green,9.2,2.8,-2.2,-0.1,2024-25
Al Horford,12.9,4.4,1.2,1.3,2024-25
Terry Rozier,10.5,1.0,-3.7,-0.7,2024-25
Peyton Watson,11.4,2.5,-1.8,0.1,2024-25
Moses Moody,12.4,3.5,-0.9,0.5,2024-25
Tristan Da Silva,9.9,2.5,-2.6,-0.3,2024-25
Donte DiVincenzo,14.1,3.9,1.9,1.6,2024-25
Isaiah Joe,14.0,5.1,1.3,1.4,2024-25
Corey Kispert,11.0,1.1,-3.7,-0.7,2024-25
Caris LeVert,15.2,4.0,0.9,1.2,2024-25
Caris LeVert,14.4,2.3,1.2,0.7,2024-25
Caris LeVert,16.2,1.6,0.4,0.4,2024-25
Miles McBride,12.6,3.2,0.0,0.8,2024-25
Isaiah Hartenstein,18.9,6.8,3.2,2.1,2024-25
Gradey Dick,10.9,1.4,-3.2,-0.5,2024-25
Paolo Banchero,20.0,3.5,3.5,2.2,2024-25
Patrick Williams,9.0,0.4,-3.7,-0.7,2024-25
Obi Toppin,17.4,4.3,1.7,1.4,2024-25
Grayson Allen,13.7,2.5,-0.3,0.7,2024-25
Sam Hauser,12.8,4.4,0.8,1.1,2024-25
Ziaire Williams,11.9,2.1,-2.3,-0.1,2024-25
Gabe Vincent,7.4,1.3,-4.0,-0.8,2024-25
Victor Wembanyama,24.2,3.8,6.5,3.3,2024-25
Jerami Grant,10.9,1.8,-1.6,0.1,2024-25
Jonas Valančiūnas,20.8,4.3,0.6,1.0,2024-25
Jonas Valančiūnas,20.6,2.3,0.4,0.6,2024-25
Jonas Valančiūnas,21.1,2.1,1.1,0.4,2024-25
Kyle Filipowski,14.9,2.5,-1.0,0.4,2024-25
Ja Morant,19.3,3.5,2.4,1.7,2024-25
Matas Buzelis,12.5,1.9,-2.5,-0.2,2024-25
LaMelo Ball,19.1,2.0,3.2,2.0,2024-25
Dalton Knecht,12.7,2.7,-1.8,0.1,2024-25
Kevin Porter Jr.,15.4,2.2,-0.6,0.5,2024-25
Kevin Porter Jr.,12.1,0.2,-2.5,-0.1,2024-25
Kevin Porter Jr.,20.2,2.0,2.1,0.6,2024-25
D'Angelo Russell,14.0,1.9,-0.4,0.6,2024-25
D'Angelo Russell,13.0,1.0,-1.7,0.1,2024-25
D'Angelo Russell,15.1,0.9,1.0,0.5,2024-25
Lauri Markkanen,15.6,2.2,-0.3,0.7,2024-25
Luke Kennard,13.6,3.9,1.1,1.2,2024-25
Jamal Shead,9.9,0.8,-4.1,-0.8,2024-25
Aaron Gordon,17.0,4.3,1.2,1.2,2024-25
Isaiah Stewart,14.6,4.3,0.6,0.9,2024-25
Brice Sensabaugh,13.4,1.2,-1.2,0.3,2024-25
Goga Bitadze,19.2,5.8,2.5,1.6,2024-25
Kel'el Ware,17.4,4.1,-0.1,0.7,2024-25
Tari Eason,18.5,5.0,3.6,2.0,2024-25
Zach Edey,18.2,4.9,-0.1,0.7,2024-25
T.J. McConnell,18.4,3.2,1.2,1.2,2024-25
Terance Mann,12.0,3.0,-1.3,0.2,2024-25
Terance Mann,10.5,1.4,-1.3,0.1,2024-25
Terance Mann,13.7,1.6,-1.3,0.1,2024-25
Ryan Dunn,10.7,1.0,-4.1,-0.7,2024-25
Sam Merrill,11.1,3.3,0.3,0.8,2024-25
Ayo Dosunmu,12.8,2.5,-1.6,0.1,2024-25
Ty Jerome,21.0,5.9,4.3,2.2,2024-25
Julian Strawther,9.5,1.3,-4.5,-0.9,2024-25
Nick Smith Jr.,8.3,-0.5,-5.7,-1.3,2024-25
Jaime Jaquez Jr.,14.3,2.3,-0.9,0.4,2024-25
Nicolas Batum,10.3,3.5,0.8,1.0,2024-25
Jose Alvarado,13.4,1.2,-1.4,0.2,2024-25
Jeremy Sochan,15.9,2.7,-1.2,0.3,2024-25
Luke Kornet,19.6,7.0,3.3,1.8,2024-25
Trey Lyles,12.3,2.6,-0.7,0.4,2024-25
Jake LaRavia,12.6,2.9,0.2,0.8,2024-25
Jake LaRavia,13.5,2.4,1.3,0.8,2024-25
Jake LaRavia,10.2,0.5,-2.7,-0.1,2024-25
Bogdan Bogdanović,11.1,1.9,-2.0,0.0,2024-25
Bogdan Bogdanović,7.6,-0.1,-4.7,-0.4,2024-25
Bogdan Bogdanović,14.0,2.0,0.2,0.4,2024-25
Justin Champagnie,15.7,2.8,-0.5,0.5,2024-25
Paul George,14.5,1.0,-0.4,0.5,2024-25
Ausar Thompson,17.2,3.8,1.7,1.2,2024-25
Donovan Clingan,17.4,4.0,-0.3,0.6,2024-25
Jordan Hawkins,9.6,-0.5,-5.4,-1.2,2024-25
Tyrese Martin,10.9,0.9,-2.6,-0.2,2024-25
Mason Plumlee,14.8,3.7,-0.6,0.5,2024-25
Jonathan Mogbo,11.9,1.9,-1.9,0.0,2024-25
Jalen Johnson,17.3,2.4,1.8,1.2,2024-25
Max Strus,12.6,3.4,1.3,1.1,2024-25
Johnny Juzang,11.8,1.6,-2.3,-0.1,2024-25
Ron Holland,11.1,1.8,-3.0,-0.3,2024-25
Javonte Green,10.7,1.6,-2.3,-0.1,2024-25
Javonte Green,10.8,1.4,-2.2,0.0,2024-25
Javonte Green,10.2,0.2,-3.1,0.0,2024-25
Nick Richards,16.6,3.0,-3.3,-0.4,2024-25
Nick Richards,17.2,1.1,-2.0,0.0,2024-25
Nick Richards,16.3,1.9,-3.9,-0.4,2024-25
Dean Wade,10.1,3.0,0.3,0.7,2024-25
Ricky Council IV,11.6,0.6,-4.3,-0.7,2024-25
Tidjane Salaün,7.7,0.0,-5.2,-1.0,2024-25
Bobby Portis,17.7,2.7,0.2,0.7,2024-25
Moussa Diabaté,16.5,3.2,-1.9,0.0,2024-25
Jeremiah Robinson-Earl,12.9,1.7,-2.5,-0.2,2024-25
Simone Fontecchio,9.7,1.6,-2.9,-0.3,2024-25
Cole Anthony,14.2,2.0,0.1,0.7,2024-25
Ben Sheppard,9.2,2.1,-2.0,0.0,2024-25
Daniel Gafford,24.7,5.9,3.8,1.8,2024-25
John Collins,19.0,2.5,1.0,0.9,2024-25
Caleb Martin,9.6,0.6,-3.2,-0.4,2024-25
Caleb Martin,10.1,0.6,-2.5,-0.1,2024-25
Caleb Martin,8.0,0.0,-5.3,-0.2,2024-25
Kristaps Porziņģis,22.3,5.3,4.7,2.1,2024-25
Brandon Clarke,17.6,4.4,0.8,0.9,2024-25
Deandre Ayton,17.7,2.8,-0.7,0.4,2024-25
Jarace Walker,11.9,1.6,-0.9,0.3,2024-25
Kawhi Leonard,20.5,3.5,3.1,1.5,2024-25
Clint Capela,17.7,3.2,-1.0,0.3,2024-25
Cody Martin,11.3,1.3,-1.7,0.1,2024-25
Cody Martin,11.7,1.3,-1.2,0.2,2024-25
Cody Martin,9.5,0.0,-4.0,-0.1,2024-25
Mark Williams,23.9,4.7,3.5,1.6,2024-25
Precious Achiuwa,13.6,2.3,-1.9,0.0,2024-25
Nikola Jović,13.8,2.5,0.3,0.7,2024-25
Justin Edwards,11.3,0.9,-3.7,-0.5,2024-25
Vit Krejci,12.7,2.6,0.7,0.8,2024-25
Jonathan Kuminga,15.7,1.9,-0.6,0.4,2024-25
Kevon Looney,17.0,4.3,0.3,0.7,2024-25
Kenrich Williams,13.7,3.6,0.6,0.7,2024-25
Julian Phillips,10.2,1.9,-3.0,-0.3,2024-25
Aaron Nesmith,14.6,2.9,-0.5,0.4,2024-25
Dalano Banton,12.9,0.8,-0.8,0.3,2024-25
Ben Simmons,12.4,1.8,-0.5,0.4,2024-25
Ben Simmons,12.6,1.1,-1.0,0.2,2024-25
Ben Simmons,11.9,0.7,0.9,0.2,2024-25
Ja'Kobe Walter,10.8,1.2,-3.0,-0.3,2024-25
Jaxson Hayes,15.8,3.7,-0.3,0.5,2024-25
Cameron Payne,13.8,2.3,-0.2,0.5,2024-25
Jonathan Isaac,16.6,3.4,0.7,0.7,2024-25
DaQuan Jeffries,7.9,0.6,-4.7,-0.7,2024-25
Jusuf Nurkić,15.2,1.5,-1.3,0.2,2024-25
Jusuf Nurkić,12.6,0.5,-3.4,-0.2,2024-25
Jusuf Nurkić,18.4,1.0,1.2,0.4,2024-25
Seth Curry,12.2,1.8,-1.7,0.1,2024-25
Cody Williams,3.7,-1.2,-7.3,-1.4,2024-25
Isaac Okoro,10.7,2.5,-0.5,0.4,2024-25
Oso Ighodaro,11.1,1.6,-2.6,-0.2,2024-25
Jared Butler,15.6,1.4,-1.0,0.3,2024-25
Jared Butler,17.7,0.6,1.0,0.3,2024-25
Jared Butler,14.5,0.8,-2.1,0.0,2024-25
Jamison Battle,10.7,1.7,-2.3,-0.1,2024-25
Noah Clowney,9.2,0.5,-4.1,-0.5,2024-25
Alex Caruso,15.9,3.9,4.0,1.6,2024-25
Kris Murray,9.1,0.7,-3.0,-0.3,2024-25
Dejounte Murray,15.4,0.2,-1.6,0.1,2024-25
Jalen Suggs,14.4,1.1,0.4,0.6,2024-25
Kyle Anderson,15.1,2.8,1.5,0.9,2024-25
Kyle Anderson,14.8,1.5,2.3,0.6,2024-25
Kyle Anderson,15.3,1.3,0.6,0.3,2024-25
Brandon Boston Jr.,12.7,0.7,-2.5,-0.1,2024-25
Dalen Terry,9.6,1.1,-3.8,-0.5,2024-25
Andre Jackson Jr.,8.6,1.2,-3.4,-0.3,2024-25
Zach Collins,16.0,2.7,0.0,0.5,2024-25
Zach Collins,14.4,1.0,-0.1,0.2,2024-25
Zach Collins,17.2,1.7,0.1,0.3,2024-25
Trayce Jackson-Davis,18.5,3.4,1.2,0.8,2024-25
Thomas Bryant,17.2,3.1,0.6,0.6,2024-25
Thomas Bryant,15.8,0.4,0.0,0.1,2024-25
Thomas Bryant,17.4,2.6,0.7,0.6,2024-25
Jalen Smith,18.7,2.9,0.9,0.7,2024-25
Jordan Clarkson,14.5,0.4,-1.5,0.1,2024-25
Gary Payton II,16.2,3.0,1.4,0.8,2024-25
Brandon Miller,14.0,0.4,0.0,0.4,2024-25
Bruce Brown,10.9,0.7,-3.8,-0.4,2024-25
Bruce Brown,12.3,0.4,-2.5,0.0,2024-25
Bruce Brown,10.1,0.2,-4.6,-0.4,2024-25
Immanuel Quickley,17.5,2.5,2.2,1.0,2024-25
Trendon Watford,13.0,0.7,-3.1,-0.3,2024-25
KJ Martin,10.2,1.3,-3.6,-0.4,2024-25
KJ Martin,12.3,1.1,-1.7,0.0,2024-25
KJ Martin,7.9,0.2,-5.6,-0.4,2024-25
Jaden Hardy,10.4,-0.3,-4.7,-0.6,2024-25
Day'Ron Sharpe,19.7,2.7,0.9,0.7,2024-25
Adem Bona,16.5,2.3,-2.7,-0.2,2024-25
Tre Jones,16.3,2.9,1.5,0.8,2024-25
Tre Jones,13.8,1.1,-0.1,0.2,2024-25
Tre Jones,18.8,1.8,3.1,0.6,2024-25
Jaden Ivey,14.7,1.2,0.0,0.5,2024-25
Kelly Olynyk,14.9,1.7,-0.7,0.3,2024-25
Kelly Olynyk,14.9,0.9,0.2,0.2,2024-25
Kelly Olynyk,14.8,0.8,-1.4,0.1,2024-25
Chet Holmgren,19.2,3.2,2.4,1.0,2024-25
Neemias Queta,16.3,3.2,-0.7,0.3,2024-25
Alec Burks,12.8,1.8,0.3,0.5,2024-25
Chris Boucher,18.7,2.7,2.3,0.9,2024-25
Zion Williamson,27.3,2.5,7.0,1.9,2024-25
Khris Middleton,16.7,2.0,0.7,0.6,2024-25
Khris Middleton,17.8,1.7,2.2,0.6,2024-25
Khris Middleton,14.9,0.4,-2.0,0.0,2024-25
KJ Simpson,8.3,-0.4,-5.4,-0.7,2024-25
Shake Milton,11.9,1.3,-2.2,0.0,2024-25
Shake Milton,12.8,1.0,-0.9,0.1,2024-25
Shake Milton,10.5,0.4,-4.0,-0.2,2024-25
Dereck Lively II,20.1,3.4,3.3,1.1,2024-25
Garrison Mathews,11.2,1.5,-1.6,0.1,2024-25
Cam Whitmore,15.5,1.8,0.3,0.5,2024-25
Ryan Rollins,14.0,1.7,-0.5,0.3,2024-25
Marcus Sasser,14.0,1.8,-0.6,0.3,2024-25
Steven Adams,16.6,2.3,0.3,0.5,2024-25
Aaron Holiday,12.2,2.0,-0.2,0.3,2024-25
Karlo Matković,15.6,1.6,-2.0,0.0,2024-25
Caleb Houstan,9.4,1.8,-2.2,0.0,2024-25
Vasilije Micić,6.5,-1.0,-7.0,-1.0,2024-25
Vasilije Micić,6.8,-0.9,-6.8,-0.9,2024-25
Vasilije Micić,-5.2,-0.1,-14.8,-0.1,2024-25
Jaylin Williams,16.4,3.3,4.3,1.2,2024-25
Pelle Larsson,10.2,1.4,-3.1,-0.2,2024-25
Cam Thomas,18.0,1.2,0.3,0.5,2024-25
Lindy Waters III,8.8,1.0,-2.8,-0.2,2024-25
Lindy Waters III,8.4,0.8,-3.1,-0.2,2024-25
Lindy Waters III,11.0,0.2,-1.2,0.0,2024-25
Lonzo Ball,12.2,1.2,0.2,0.4,2024-25
Orlando Robinson,12.9,1.2,-3.4,-0.3,2024-25
Orlando Robinson,12.2,0.1,-2.9,0.0,2024-25
Orlando Robinson,12.9,1.1,-3.5,-0.3,2024-25
Eric Gordon,10.8,0.9,-1.6,0.1,2024-25
Gui Santos,11.7,1.7,-1.7,0.1,2024-25
Landry Shamet,9.7,1.0,-2.4,-0.1,2024-25
Svi Mykhailiuk,9.8,-0.1,-3.5,-0.3,2024-25
Andre Drummond,16.0,1.2,-3.2,-0.2,2024-25
Jabari Walker,15.0,2.0,-0.8,0.2,2024-25
Jay Huff,18.2,2.5,3.5,1.1,2024-25
Drew Eubanks,15.6,1.7,-0.7,0.3,2024-25
Drew Eubanks,15.9,1.2,0.0,0.3,2024-25
Drew Eubanks,14.8,0.5,-2.7,0.0,2024-25
Talen Horton-Tucker,13.8,1.1,-2.4,-0.1,2024-25
Gary Harris,6.9,1.0,-2.7,-0.1,2024-25
Micah Potter,8.5,0.4,-3.5,-0.3,2024-25
Jett Howard,7.1,0.1,-5.3,-0.6,2024-25
DeAndre Jordan,15.4,1.8,-1.2,0.2,2024-25
Quinten Post,14.2,1.7,0.1,0.4,2024-25
Blake Wesley,9.9,0.2,-4.2,-0.4,2024-25
Sandro Mamukelashvili,19.7,2.2,2.3,0.7,2024-25
Marcus Smart,12.4,0.7,-1.5,0.1,2024-25
Marcus Smart,11.3,0.4,-1.2,0.1,2024-25
Marcus Smart,14.0,0.3,-1.9,0.0,2024-25
Jalen Pickett,10.9,1.1,-1.5,0.1,2024-25
Tosan Evbuomwan,11.6,0.6,-3.2,-0.2,2024-25
Antonio Reeves,11.7,0.4,-3.2,-0.2,2024-25
Kyle Lowry,9.8,1.0,-1.3,0.1,2024-25
Reed Sheppard,9.7,0.8,-1.7,0.1,2024-25
Herbert Jones,10.4,0.4,-3.6,-0.3,2024-25
AJ Johnson,7.1,-0.4,-8.1,-1.0,2024-25
AJ Johnson,10.6,0.0,-4.9,0.0,2024-25
AJ Johnson,6.9,-0.4,-8.3,-0.9,2024-25
Maxi Kleber,5.6,0.3,-3.8,-0.3,2024-25
Delon Wright,9.2,0.7,-1.4,0.1,2024-25
Delon Wright,7.4,0.2,-2.5,-0.1,2024-25
Delon Wright,12.4,0.5,0.5,0.1,2024-25
Jericho Sims,10.0,1.3,-3.0,-0.2,2024-25
Jericho Sims,9.9,0.8,-3.5,-0.2,2024-25
Jericho Sims,10.2,0.4,-1.9,0.0,2024-25
Josh Okogie,16.3,1.3,1.5,0.6,2024-25
Josh Okogie,15.8,0.7,0.4,0.2,2024-25
Josh Okogie,16.8,0.6,3.1,0.4,2024-25
Jeff Dowtin,16.1,1.3,0.2,0.3,2024-25
Daniel Theis,12.1,1.0,-3.3,-0.2,2024-25
Cory Joseph,10.9,1.5,-0.8,0.2,2024-25
Zeke Nnaji,12.0,1.2,-1.3,0.1,2024-25
Kessler Edwards,11.3,1.2,-1.4,0.1,2024-25
Pat Connaughton,12.1,1.2,-2.3,0.0,2024-25
Ajay Mitchell,12.0,1.5,-1.6,0.1,2024-25
Brandon Ingram,16.0,0.0,-0.3,0.3,2024-25
Jared McCain,15.2,0.7,0.2,0.3,2024-25
Cam Reddish,7.4,0.7,-2.7,-0.1,2024-25
Jae'Sean Tate,12.3,1.6,-0.7,0.2,2024-25
Olivier-Maxence Prosper,12.6,0.9,-2.1,0.0,2024-25
Jarred Vanderbilt,13.2,1.4,-1.0,0.2,2024-25
Joel Embiid,23.4,1.4,3.5,0.8,2024-25
Monte Morris,13.1,0.8,-1.8,0.0,2024-25
Moritz Wagner,22.3,2.0,4.0,0.9,2024-25
Malcolm Brogdon,15.8,0.7,-1.5,0.1,2024-25
John Konchar,12.1,1.5,1.7,0.5,2024-25
Dwight Powell,12.9,1.7,0.0,0.3,2024-25
Dillon Jones,8.1,0.8,-4.0,-0.3,2024-25
Jordan Goodwin,12.1,1.0,-0.8,0.2,2024-25
Richaun Holmes,19.8,2.0,1.1,0.4,2024-25
Mouhamed Gueye,14.4,1.2,-0.6,0.2,2024-25
Bismack Biyombo,12.2,0.8,-3.6,-0.2,2024-25
Jaylen Clark,12.0,1.6,-0.2,0.2,2024-25
Rob Dillingham,10.2,0.1,-4.2,-0.3,2024-25
Colby Jones,11.4,0.6,-2.8,-0.1,2024-25
Colby Jones,8.6,0.1,-2.7,0.0,2024-25
Colby Jones,12.3,0.5,-2.9,-0.1,2024-25
Craig Porter Jr.,13.1,1.1,1.1,0.4,2024-25
Tristan Vukcevic,17.8,0.7,-0.5,0.2,2024-25
Elfrid Payton,8.5,-0.6,-6.4,-0.6,2024-25
Elfrid Payton,10.6,-0.4,-5.5,-0.3,2024-25
Elfrid Payton,1.7,-0.2,-9.2,-0.2,2024-25
Jamal Cain,11.4,0.4,-3.4,-0.2,2024-25
Keaton Wallace,10.1,0.4,-2.3,0.0,2024-25
Jock Landale,16.0,1.7,0.4,0.3,2024-25
Vince Williams Jr.,9.2,0.4,-2.8,-0.1,2024-25
Wendell Moore Jr.,11.0,0.7,-2.7,-0.1,2024-25
Wendell Moore Jr.,12.4,0.5,0.0,0.1,2024-25
Wendell Moore Jr.,10.0,0.1,-4.7,-0.2,2024-25
Brandon Williams,18.3,1.3,1.0,0.4,2024-25
A.J. Lawson,12.7,0.8,-2.5,-0.1,2024-25
Grant Williams,11.5,0.7,-1.6,0.1,2024-25
Lonnie Walker IV,13.1,0.3,-2.4,0.0,2024-25
Duop Reath,13.7,1.0,-0.3,0.2,2024-25
Reece Beekman,7.5,0.1,-5.4,-0.4,2024-25
Reece Beekman,42.3,0.0,26.0,0.0,2024-25
Reece Beekman,7.2,0.1,-5.6,-0.4,2024-25
Kai Jones,20.2,2.1,2.9,0.6,2024-25
Kai Jones,14.5,0.7,0.6,0.1,2024-25
Kai Jones,24.8,1.4,4.8,0.4,2024-25
Larry Nance Jr.,16.0,1.3,1.8,0.4,2024-25
Collin Gillespie,16.8,1.3,2.5,0.5,2024-25
Rayan Rupert,8.1,0.1,-4.7,-0.3,2024-25
GG Jackson II,9.3,0.1,-5.3,-0.4,2024-25
Jaylon Tyson,11.1,0.8,-2.7,-0.1,2024-25
Bol Bol,18.4,0.9,0.8,0.3,2024-25
Paul Reed,18.6,1.6,2.9,0.5,2024-25
Colin Castleton,11.3,0.7,-5.0,-0.3,2024-25
Colin Castleton,7.4,0.1,-7.1,-0.1,2024-25
Colin Castleton,10.1,0.3,-5.7,-0.3,2024-25
Colin Castleton,16.5,0.3,-2.0,0.0,2024-25
Trevelin Queen,11.9,0.7,-0.3,0.2,2024-25
Malaki Branham,12.0,0.1,-3.2,-0.1,2024-25
Jordan Miller,10.5,0.4,-2.8,-0.1,2024-25
Mo Bamba,13.9,1.0,-0.9,0.1,2024-25
Mo Bamba,14.5,0.9,-0.2,0.2,2024-25
Mo Bamba,10.6,0.1,-4.5,0.0,2024-25
David Roddy,11.9,0.5,-1.5,0.1,2024-25
David Roddy,11.8,0.5,-1.2,0.1,2024-25
David Roddy,19.1,0.0,2.9,0.0,2024-25
David Roddy,7.2,0.0,-8.3,-0.1,2024-25
Taj Gibson,10.8,0.4,-5.3,-0.3,2024-25
Ousmane Dieng,11.5,0.9,-0.9,0.1,2024-25
Jordan Walsh,6.9,0.4,-3.9,-0.2,2024-25
Hunter Tyson,9.0,0.4,-4.8,-0.3,2024-25
Anthony Gill,10.2,0.5,-4.5,-0.3,2024-25
Devin Carter,10.8,0.4,-3.2,-0.1,2024-25
Jeff Green,13.6,1.3,0.4,0.2,2024-25
Trey Jemison,8.9,0.3,-6.8,-0.5,2024-25
Trey Jemison,9.4,0.0,-6.2,-0.2,2024-25
Trey Jemison,8.6,0.3,-7.3,-0.3,2024-25
Reggie Jackson,9.8,0.1,-4.0,-0.2,2024-25
Baylor Scheierman,10.3,0.7,-1.7,0.0,2024-25
Quenton Jackson,14.7,1.0,-0.3,0.2,2024-25
Alex Len,10.6,0.7,-2.6,-0.1,2024-25
Alex Len,13.1,0.6,0.3,0.2,2024-25
Alex Len,5.3,0.0,-8.9,-0.2,2024-25
Johnny Furphy,9.8,0.5,-2.5,0.0,2024-25
Charles Bassey,19.0,1.1,-1.1,0.1,2024-25
Dominick Barlow,14.6,1.0,-2.2,0.0,2024-25
Dante Exum,13.6,0.6,-2.3,0.0,2024-25
Damion Baugh,6.3,-0.5,-7.1,-0.5,2024-25
Jaden Springer,10.7,0.5,-2.7,-0.1,2024-25
Jaden Springer,12.1,0.4,-0.3,0.1,2024-25
Jaden Springer,9.8,0.1,-4.3,-0.1,2024-25
Robert Williams,18.9,1.3,3.0,0.4,2024-25
Doug McDermott,9.5,0.4,-3.2,-0.1,2024-25
Christian Koloko,13.0,0.9,-2.8,-0.1,2024-25
Terrence Shannon Jr.,11.9,0.6,-2.1,0.0,2024-25
Keion Brooks Jr.,12.8,0.4,-3.5,-0.1,2024-25
Tristan Thompson,9.1,0.4,-4.6,-0.2,2024-25
Maxwell Lewis,9.9,0.2,-4.4,-0.2,2024-25
Maxwell Lewis,2.2,0.0,-9.4,-0.1,2024-25
Maxwell Lewis,10.6,0.3,-3.9,-0.1,2024-25
Jevon Carter,12.2,0.3,-2.1,0.0,2024-25
Patty Mills,8.4,0.1,-3.2,-0.1,2024-25
Patty Mills,6.2,-0.2,-4.4,-0.2,2024-25
Patty Mills,17.5,0.3,2.1,0.1,2024-25
Tre Mann,13.3,0.1,-2.4,0.0,2024-25
Jalen Hood-Schifino,7.9,-0.1,-6.9,-0.4,2024-25
Jalen Hood-Schifino,11.5,0.0,-2.4,0.0,2024-25
Jalen Hood-Schifino,7.7,-0.1,-7.1,-0.4,2024-25
Torrey Craig,12.9,0.8,-0.9,0.1,2024-25
Torrey Craig,17.2,0.4,2.3,0.1,2024-25
Torrey Craig,10.5,0.4,-2.7,0.0,2024-25
Jordan McLaughlin,12.3,0.6,-1.6,0.0,2024-25
Jordan McLaughlin,9.4,0.2,-3.5,-0.1,2024-25
Jordan McLaughlin,16.9,0.5,1.3,0.1,2024-25
Matisse Thybulle,17.0,0.9,5.0,0.6,2024-25
Isaac Jones,15.2,0.7,-1.7,0.0,2024-25
Tyler Kolek,10.3,0.4,-2.8,-0.1,2024-25
Mitchell Robinson,20.4,1.3,3.3,0.4,2024-25
Josh Minott,15.5,0.9,2.2,0.3,2024-25
Kobe Brown,10.8,0.5,-2.1,0.0,2024-25
Dru Smith,13.3,0.7,2.1,0.3,2024-25
Isaiah Wong,10.9,0.1,-4.0,-0.1,2024-25
Marvin Bagley III,18.4,0.6,-1.2,0.1,2024-25
Marvin Bagley III,19.9,0.3,-1.0,0.0,2024-25
Marvin Bagley III,15.7,0.3,-1.5,0.0,2024-25
Oscar Tshiebwe,21.0,1.0,-1.4,0.0,2024-25
Drew Timme,11.0,0.0,-6.7,-0.3,2024-25
Marcus Bagley,11.8,0.2,-4.3,-0.1,2024-25
Cam Spencer,14.2,0.8,0.5,0.2,2024-25
Kevin Love,16.2,0.4,0.4,0.2,2024-25
Pat Spencer,12.6,0.3,-1.6,0.0,2024-25
JT Thor,10.0,0.2,-5.4,-0.2,2024-25
JT Thor,19.1,0.1,0.0,0.0,2024-25
JT Thor,8.2,0.1,-6.5,-0.2,2024-25
Branden Carlson,17.6,0.9,1.3,0.2,2024-25
Dariq Whitehead,9.4,0.1,-3.7,-0.1,2024-25
Johnny Davis,10.2,0.1,-2.8,0.0,2024-25
Jaylen Martin,9.1,0.0,-6.3,-0.3,2024-25
Jaylen Martin,12.8,0.0,3.4,0.0,2024-25
Jaylen Martin,9.0,0.0,-6.5,-0.3,2024-25
Bones Hyland,16.0,0.5,2.7,0.3,2024-25
Bones Hyland,16.4,0.4,3.1,0.3,2024-25
Bones Hyland,11.1,0.1,-3.2,0.0,2024-25
Xavier Tillman Sr.,2.4,-0.3,-8.1,-0.4,2024-25
Garrett Temple,8.5,0.2,-3.6,-0.1,2024-25
Jared Rhoden,16.4,0.6,-0.5,0.1,2024-25
Jared Rhoden,5.4,-0.1,-8.6,0.0,2024-25
Jared Rhoden,17.0,0.7,0.0,0.1,2024-25
Luka Garza,18.8,0.7,-2.3,0.0,2024-25
Ariel Hukporti,7.6,0.1,-5.6,-0.2,2024-25
Alex Reese,14.0,0.5,-1.2,0.0,2024-25
Alex Reese,53.6,0.0,19.6,0.0,2024-25
Alex Reese,13.6,0.5,-1.4,0.0,2024-25
Dario Šarić,7.7,0.0,-4.8,-0.1,2024-25
Adam Flagler,3.7,-0.3,-10.3,-0.4,2024-25
Chuma Okeke,15.3,0.6,-0.2,0.1,2024-25
Chuma Okeke,16.5,0.6,0.3,0.1,2024-25
Chuma Okeke,6.8,0.0,-4.1,0.0,2024-25
Drew Peterson,10.5,0.4,-0.8,0.1,2024-25
Markelle Fultz,8.9,-0.1,-4.7,-0.1,2024-25
Lester Quiñones,9.5,-0.1,-6.1,-0.2,2024-25
Lester Quiñones,8.2,-0.1,-10.5,0.0,2024-25
Lester Quiñones,9.7,0.0,-5.6,-0.2,2024-25
Bronny James,7.1,-0.2,-7.2,-0.2,2024-25
Enrique Freeman,7.4,0.2,-6.3,-0.2,2024-25
Cole Swider,6.5,0.0,-7.3,-0.2,2024-25
Cole Swider,-11.0,-0.1,-20.4,-0.1,2024-25
Cole Swider,8.0,0.1,-6.2,-0.2,2024-25
Jaylen Nowell,7.5,-0.2,-5.7,-0.2,2024-25
Markieff Morris,6.0,-0.2,-7.6,-0.2,2024-25
Markieff Morris,0.0,-0.2,-13.1,-0.1,2024-25
Markieff Morris,7.9,0.0,-5.8,-0.1,2024-25
Killian Hayes,12.7,0.3,-0.6,0.1,2024-25
MarJon Beauchamp,12.3,0.1,-4.3,-0.1,2024-25
MarJon Beauchamp,8.5,-0.1,-6.5,-0.1,2024-25
MarJon Beauchamp,22.3,0.1,4.0,0.0,2024-25
MarJon Beauchamp,29.8,0.1,3.7,0.0,2024-25
Lamar Stevens,11.5,0.2,-4.2,-0.1,2024-25
Tyson Etienne,5.6,-0.1,-8.8,-0.3,2024-25
Josh Richardson,4.4,-0.1,-6.7,-0.2,2024-25
Jeenathan Williams,8.6,0.0,-5.7,-0.1,2024-25
Bruno Fernando,15.3,0.3,-0.7,0.1,2024-25
Damion Lee,11.9,-0.1,-5.1,-0.1,2024-25
Oshae Brissett,9.8,0.1,-6.3,-0.1,2024-25
Elijah Harkless,7.8,0.1,-3.8,-0.1,2024-25
Pete Nance,8.5,0.2,-4.9,-0.1,2024-25
Pete Nance,5.3,0.0,-6.3,-0.1,2024-25
Pete Nance,11.5,0.1,-3.5,0.0,2024-25
Vlatko Čančar,4.6,-0.1,-7.1,-0.2,2024-25
Kylor Kelley,12.1,0.3,-5.4,-0.1,2024-25
Kylor Kelley,17.1,0.3,-2.3,0.0,2024-25
Kylor Kelley,6.5,0.0,-8.8,-0.1,2024-25
Alex Ducas,10.1,0.3,-2.0,0.0,2024-25
Spencer Jones,4.5,-0.1,-8.5,-0.2,2024-25
Kobe Bufkin,10.5,0.0,-4.0,-0.1,2024-25
Tyler Smith,15.2,0.2,-0.9,0.0,2024-25
De'Anthony Melton,13.3,0.2,-0.8,0.0,2024-25
Moses Brown,22.4,0.4,0.1,0.1,2024-25
Moses Brown,16.0,0.0,-5.2,0.0,2024-25
Moses Brown,26.3,0.3,3.5,0.1,2024-25
TyTy Washington Jr.,6.5,-0.2,-8.0,-0.2,2024-25
Trey Alexander,2.9,-0.2,-9.7,-0.2,2024-25
Joe Ingles,2.4,-0.1,-7.0,-0.1,2024-25
Sidy Cissoko,6.7,-0.1,-5.1,-0.1,2024-25
Sidy Cissoko,11.2,0.0,-2.6,0.0,2024-25
Sidy Cissoko,2.7,-0.2,-7.3,-0.1,2024-25
Tony Bradley,23.2,0.4,1.2,0.1,2024-25
Jaylen Sims,9.8,0.1,-4.1,-0.1,2024-25
Pacome Dadiet,6.3,0.0,-6.5,-0.1,2024-25
Patrick Baldwin Jr.,16.2,0.2,1.5,0.1,2024-25
Patrick Baldwin Jr.,14.5,0.1,-0.2,0.0,2024-25
Patrick Baldwin Jr.,45.4,0.1,30.7,0.1,2024-25
Chris Livingston,9.8,0.1,-6.1,-0.1,2024-25
Jae Crowder,6.6,0.1,-4.3,-0.1,2024-25
Justin Minaya,5.0,0.0,-5.4,-0.1,2024-25
Keshad Johnson,19.1,0.4,-0.1,0.0,2024-25
Yuki Kawamura,11.0,0.2,-2.8,0.0,2024-25
JD Davison,6.5,-0.2,-6.2,-0.1,2024-25
Luke Travers,1.9,-0.1,-9.7,-0.2,2024-25
Stanley Umude,3.4,-0.2,-8.1,-0.1,2024-25
Kevin Knox,17.1,0.2,-1.3,0.0,2024-25
Isaiah Jackson,18.2,0.3,0.8,0.1,2024-25
Marcus Garrett,8.7,0.0,-7.6,-0.1,2024-25
Jacob Toppin,9.2,0.0,-2.6,0.0,2024-25
Jacob Toppin,4.5,0.0,-6.0,0.0,2024-25
Jacob Toppin,17.9,0.1,3.5,0.0,2024-25
Emoni Bates,9.8,0.1,-1.5,0.0,2024-25
Taylor Hendricks,7.1,0.0,-3.5,0.0,2024-25
Chris Duarte,16.5,0.3,1.2,0.1,2024-25
Daeqwon Plowden,16.1,0.2,-0.1,0.0,2024-25
RayJ Dennis,13.9,0.1,0.7,0.0,2024-25
Josh Christopher,9.4,-0.1,-7.9,-0.1,2024-25
Matt Ryan,6.1,-0.1,-7.5,-0.1,2024-25
Armel Traoré,3.5,-0.1,-9.8,-0.1,2024-25
PJ Hall,18.3,0.2,-1.3,0.0,2024-25
Nae'Qwan Tomlin,14.4,0.1,-5.5,-0.1,2024-25
Jamaree Bouyea,9.7,0.0,-5.4,0.0,2024-25
Cam Christie,9.1,0.0,-2.5,0.0,2024-25
P.J. Tucker,5.5,0.1,-7.2,-0.1,2024-25
Jazian Gortman,6.5,-0.1,-6.3,-0.1,2024-25
Liam Robbins,2.6,-0.1,-10.5,-0.1,2024-25
E.J. Liddell,11.1,0.1,-4.1,0.0,2024-25
Jackson Rowe,15.9,0.2,1.0,0.0,2024-25
N'Faly Dante,24.0,0.3,2.4,0.1,2024-25
Isaiah Crawford,9.2,0.0,-4.1,0.0,2024-25
Mason Jones,20.6,0.2,2.9,0.1,2024-25
Phillip Wheeler,-2.3,-0.3,-18.2,-0.2,2024-25
Malachi Flynn,12.4,0.0,-2.8,0.0,2024-25
Jack McVeigh,4.0,0.0,-7.7,-0.1,2024-25
Bobi Klintman,15.9,0.2,1.0,0.0,2024-25
James Johnson,0.0,-0.1,-9.7,-0.1,2024-25
PJ Dozier,9.5,0.1,0.7,0.0,2024-25
Harrison Ingram,10.9,0.1,-1.2,0.0,2024-25
Miles Norris,8.5,0.0,-1.9,0.0,2024-25
David Duke Jr.,12.2,0.0,-1.5,0.0,2024-25
D.J. Carton,-2.6,-0.1,-11.1,-0.1,2024-25
Bryce McGowens,1.7,-0.1,-13.6,-0.1,2024-25
Leonard Miller,19.9,0.1,-3.7,0.0,2024-25
Ulrich Chomche,5.2,0.0,-7.4,0.0,2024-25
Jalen Bridges,-0.1,-0.1,-12.5,-0.1,2024-25
Jahmir Young,16.8,0.1,0.5,0.0,2024-25
Kevin McCullar Jr.,6.7,0.0,-7.2,0.0,2024-25
Trentyn Flowers,4.3,0.0,-8.3,0.0,2024-25
Emanuel Miller,18.1,0.1,-1.8,0.0,2024-25
Daniss Jenkins,-0.1,-0.1,-15.8,-0.1,2024-25
Anton Watson,5.9,0.0,-10.1,0.0,2024-25
Tolu Smith,19.5,0.1,-8.9,0.0,2024-25
Malevy Leons,-2.3,0.0,-12.4,-0.1,2024-25
Adama Sanogo,15.2,0.0,-2.6,0.0,2024-25
Taze Moore,7.1,-0.1,-4.3,0.0,2024-25
Ron Harper Jr.,7.9,0.0,-14.7,0.0,2024-25
Isaiah Mobley,17.2,0.0,4.7,0.0,2024-25
Yuri Collins,13.9,0.1,0.3,0.0,2024-25
Tristen Newton,-6.1,-0.1,-20.7,-0.1,2024-25
Tristen Newton,-15.3,-0.1,-32.7,-0.1,2024-25
Tristen Newton,3.1,0.0,-8.7,0.0,2024-25
Daishen Nix,-7.0,-0.1,-16.2,0.0,2024-25
Skal Labissière,15.9,0.0,2.1,0.0,2024-25
Braxton Key,1.1,-0.1,-13.6,0.0,2024-25
Cui Yongxi,-10.7,-0.1,-24.9,-0.1,2024-25
Mac McClung,-0.3,0.0,-11.0,0.0,2024-25
Quincy Olivari,-5.2,-0.1,-18.6,0.0,2024-25
Terence Davis,-4.0,0.0,-16.9,0.0,2024-25
Jalen McDaniels,10.9,0.0,5.6,0.0,2024-25
Riley Minix,-1.7,0.0,-11.8,0.0,2024-25
Isaiah Stevens,0.1,0.0,-11.8,0.0,2024-25
Terry Taylor,9.8,0.0,3.3,0.0,2024-25
Jesse Edwards,-0.1,0.0,-4.0,0.0,2024-25
James Wiseman,31.2,0.0,1.6,0.0,2024-25
Alondes Williams,53.4,0.0,44.1,0.0,2024-25
Zyon Pullin,-11.7,0.0,-22.7,0.0,2024-25
Jahlil Okafor,13.8,0.0,7.5,0.0,2024-25
League Average,,,,,2024-25
